firm_name,address,licenses,reg_pharma_comp_person,tooltip
AAI MEDICAL & GENERAL STORES - 9999999999,"CHALISGAON-PLOT NO 39, HOUSE NO 11753, AAI HOSPITAL AWAR,KARGAON ROAD",RH - 3,"sudhir yuvraj chavan, DPH, [97167-27/11/2008]","['License: ', '20-20/2707 (Validity: 06/04/2018)', '20C-20C/1149 (Validity: 06/04/2018)', '21-21/2707 (Validity: 06/04/2018)']"
AAI MEDICAL AND GENERAL STORES - 9422328877,"Patonda-Shop No. 2, C.S. No.435,,At Post Patonda, Tal. Chalisgaon, Dist. Jalgaon",RH - 3,"bharti sunil mahajan, DPH, [122523-15/05/2015]","['License: ', '20-106833 (Validity: 19/05/2020)', '20C-106835 (Validity: 19/05/2020)', '21-106834 (Validity: 19/05/2020)']"
AARYAN PHARMA - 9881430058,"CHALISGAON-297/23/B, FULE COLONY,NEAR NAIK CHAKKI",WH - 3,"ashwini yogesh yeole, BSC, [C-P-30/12/2015]","['License: ', '20B-138051 (Validity: 14/01/2021)', '20D-138053 (Validity: 14/01/2021)', '21B-138052 (Validity: 14/01/2021)']"
ADITYA MEDICAL AND GENERAL STORES - 9422990088,"PATONDA-HOUSE NO. 709,JUNEGAON",RH - 3,"sachin laxman mali, DPH, [191998-12/01/2017]","['License: ', '20-103157 (Validity: 25/09/2019)', '20C-103159 (Validity: 25/09/2019)', '21-103158 (Validity: 25/09/2019)']"
ADITYA MEDICAL AND GENERAL STORES - 9860677849,"CHALISGAON-PLOT NO. 295/3, NEAR SANJIVANI HOSPITAL,BHADGAON ROAD",RH - 3,"amolsing vijaysing raul, DPH, [101808-30/08/2014]","['License: ', '20-103141 (Validity: 25/09/2019)', '20C-103143 (Validity: 25/09/2019)', '21-103142 (Validity: 25/09/2019)']"
AKHILESH MEDICAL AND GENERAL STORES - 9595181831,"CHALISGAON-279/1/B, CAPTAIN CORNER,BHADGAON ROAD",RH - 3,"shivani mukund arambhi, DPH, [175526-30/10/2015]","['License: ', '20-100176 (Validity: 17/07/2019)', '20C-100178 (Validity: 17/07/2019)', '21-100177 (Validity: 17/07/2019)']"
AMBIKA MEDICAL AND GENERAL STORES - 9403277088,"WAGHALI-C.S. No. 362, Grampanchayat No. 334, Nr. Ganpati Stage,,At Post WAGHALI, Tal. Chalisgaon, Dist. Jalgaon",RH - 3,"vandana kashinath dashpute, DPH, [154796-08/04/2015]","['License: ', '20-118621 (Validity: 26/04/2020)', '20C-118623 (Validity: 26/04/2020)', '21-118622 (Validity: 26/04/2020)']"
AMRUT MEDICAL & GENERAL STORES - 7588193595,"CHALISGAON-SHOP NO.1, PLOT NO. 44, SUB PLOT NO. 5,,AMRUT CHILD HOSPITAL, HIRAPUR ROAD,",RH - 3,"pathan ijajkhan aminkhan, DPH, [161823-05/11/2014]","['License: ', '20-177367 (Validity: 02/12/2021)', '20C-177368 (Validity: 02/12/2021)', '21-177369 (Validity: 02/12/2021)']"
ANAND DISTRIBUTORS - 9822527982,"CHALISGAON-GALA NO. 5&6, KARGAON ROAD,,SUVARNATAI COMPLEX SHOP NO2, OPP OF CAPTAIN CORNER",RWH - 5,"shobha uttamchand bothra, DPH, [28112-22/09/2000]","['License: ', '20-20/2704 (Validity: 06/04/2018)', '20B-20B/1094 (Validity: 31/12/2016)', '20C-20C/1146 (Validity: 06/04/2018)', '21-21/2704 (Validity: 06/04/2018)', '21B-21B/959 (Validity: 06/04/2018)']"
ANAND DISTRIBUTORS - 9822527982,"CHALISGAON-GAT NO 469/2, KAILAS NAGAR,BHADGAON ROAD",W - 2,"bhaskar yuvraj chaudhari, OTH, [C-P-19/01/1999]","['License: ', '20B-20B/996 (Validity: 31/12/2017)', '21B-21B/868 (Validity: 31/12/2017)']"
ANIL MEDICAL & GENERAL STORES - 9999999999,"CHALISGAON-GALA NO.3, KAI. ANIL DADA NAGARPALIKA COMPLEX,,GHAT ROAD, OPP. POLICE CHAUK,",RH - 3,"anna laxman jadhav, DPH,QUA, [57777-28/05/2012]","['License: ', '20-54481 (Validity: 19/06/2017)', '20C-54483 (Validity: 19/06/2017)', '21-54482 (Validity: 19/06/2017)']"
"ARIHANT HEALTHCARE, CHALISGAON - 9595337195","A/P.CHALISGAON-CHALISGAON MU.& C.S.FINAL PLOT NO.218 FROM WEST SIDE PLOT,LUCKY COMPLEX FIRST FLOOR SHOP F7 & F8, NEAR BUS STAND,",WH - 3,"hitesh mahendrakumar bagrecha, DPH, [122838-16/04/2013]","['License: ', '20B-73019 (Validity: 26/06/2021)', '20D-73021 (Validity: 26/06/2021)', '21B-73020 (Validity: 26/06/2021)']"
ARIHANT MEDICAL & GENERAL STORES - 9822356741,"MEHUNBARE-HOUSE NO 973,MAIN ROAD",RH - 3,"chandrakant dagadulal brahmecha, DPH, [33032-20/10/1994]","['License: ', '20-191096 (Validity: 26/08/2017)', '20C-191097 (Validity: 31/12/2017)', '21-191098 (Validity: 31/12/2017)']"
ARIHANT MEDICAL AND GENERAL STORES - 9999999999,"CHALISGAON-C.S.NO 3183,GHAT ROAD",RH - 3,"paresh dilip jain, DPH, [109300-29/07/2011]","['License: ', '20-20/1084 (Validity: 31/12/2017)', '20C-20C/664 (Validity: 31/12/2017)', '21-21/1084 (Validity: 31/12/2017)']"
ASHAPURA MEDICAL & GENERAL STORES - 9422929999,"CHALISGAON-SHOP NO.2, FINAILE PLOT NO.47, OLD NEHRU CHUWK,,STATION ROAD,",RH - 3,"aniket eknath koshti, DPH, [174524-15/12/2016]","['License: ', '20-20/2315 (Validity: 21/11/2020)', '20C-20C/833 (Validity: 21/11/2020)', '21-21/2315 (Validity: 21/11/2020)']"
ASHIRWAD MEDICAL & GENERAL STORES - 9730743642,"CHALISGAON-FINAL PLOT NO. 271/2, NEAR NUTAN TYPING,LAXMI NAGAR",RH - 3,"chetan suresh khodke, DPH, [125268-21/06/2013]","['License: ', '20-76998 (Validity: 27/06/2018)', '20C-77000 (Validity: 27/06/2018)', '21-76999 (Validity: 27/06/2018)']"
ASHIRWAD MEDICAL & GENERAL STORES - 9637871316,"TAL.CHALISGAON-SHOP NO.1, HOUSE NO. 106,,PATNA",RH - 3,"gangaram natthusing rathod, DPH, [130895-13/09/2012]","['License: ', '20-60287 (Validity: 24/09/2017)', '20C-60289 (Validity: 24/09/2017)', '21-60288 (Validity: 24/09/2017)']"
ASHTANG MEDICAL AND GENERAL STORES - 9881455804,"A/P.CHALISGAON.-FINAL PLOT NO.278, SUB PLOT NO.15, Gr.Fl. SHOP(South-West),ZEP BUILDING, CAPTAN CORNER, KARGAON ROAD,",RH - 3,"virendra ashok chaudhari, DPH, [174413-06/01/2017]","['License: ', '20-194143 (Validity: 19/01/2022)', '20C-194145 (Validity: 19/01/2022)', '21-194144 (Validity: 19/01/2022)']"
ASHTAVINAYAK MEDICAL & GENERAL STORES - 9890356113,"CHALISGAON-06, KAMLAI PARK,NEHRU CHOWK",RH - 3,"sachin ramesh bagad, DPH, [116544-09/10/2012]","['License: ', '20-62401 (Validity: 24/10/2017)', '20C-62403 (Validity: 24/10/2017)', '21-62402 (Validity: 24/10/2017)']"
ASHUTOSH MEDICAL AND GENERAL STORES - 9604508080,"CHALISGAON-SHOP NO. 44 B 1, NEAR RASHTRIYA MAHAVIDHYALAY,HIRAPUR ROAD",RH - 3,"mahendrasing onkarsing shewal, DPH, [96110-29/09/2016]","['License: ', '20-104470 (Validity: 09/10/2019)', '20C-104472 (Validity: 09/10/2019)', '21-104471 (Validity: 09/10/2019)']"
BAJAJ MEDICAL STORES - 9404015579,"CHALISGAON-134, HANUMAN WADI,MAIN ROAD",RH - 3,"pahalaj bhagatram bajaj, DPH, [19786-19/07/1988]","['License: ', '20-186452 (Validity: 31/12/2021)', '20C-186453 (Validity: 31/12/2021)', '21-186454 (Validity: 31/12/2021)']"
BALAJI DISTRIBUTORS - 8554933305,"CHALISGAON-FINAL PLOT NO. 282, SUB PLOT NO. 2, SHOP GALA NO. 3,,GROUND FLOOR, BHADGAON ROAD",WH - 3,"dinesh ananda mahajan, BSC, [C-P-25/01/2012]","['License: ', '20B-45835 (Validity: 24/01/2022)', '20D-45837 (Validity: 24/01/2022)', '21B-45836 (Validity: 24/01/2022)']"
BHAKTI PHARMA,"CHALISGAON-PLOT NO 3, SAINAGAR,MAIN ROAD",W - 2,"deshmukh kanderao vishwasrao, BSC, [C-P-25/07/2007]","['License: ', '20B-20B/1433 (Validity: 24/07/2017)', '21B-21B/1286 (Validity: 24/07/2017)']"
CHETAN MEDICAL AND GENERAL STORES - 9975694548,"A/P.CHALISGAON-FINAL PLOT NO.322, OLD CTS NO.5146, GHATE SADAN, GR. FLOOR,,SOUTH SIDE SHOP NO.1, KARGAON ROAD, NR. PANCHAYAT SAMITI,",RH - 3,"vishal prataprao sonawane, DPH, [108248-27/10/2016]","['License: ', '20-174062 (Validity: 20/11/2021)', '20C-174064 (Validity: 20/11/2021)', '21-174063 (Validity: 20/11/2021)']"
CHINTAMANI SALES CORPORATION - 9049570306,"CHALISGAON-Plot No.297 / 15A, Gala No. UG 33, Ghate Complex,,Bhadgaon Road, Chalisgaon, Tal. Chalisgaon, Dist. Jalgaon",WH - 3,"rishikesh sunil pathade, BPH, [C-P-20/03/2015]","['License: ', '20B-117130 (Validity: 30/03/2020)', '20D-117132 (Validity: 30/03/2020)', '21B-117131 (Validity: 30/03/2020)']"
CHIRANJEEV MEDICAL AND GENERAL STORES - 9421372201,"CHALISGAON-PLOT NO.47, SHOP NO.01,,CHIRANJEEV HOSPITAL AWAR, BAPJI HOSPITAL ROAD",R - 2,"nandusing baldevsing rajput, DPH, [112324-18/04/2016]","['License: ', '20-138054 (Validity: 14/01/2021)', '21-138055 (Validity: 14/01/2021)']"
CHIRAYU MEDICAL AND GENERAL STORES - 7588193139,"CHALISGAON-FINAL PLOT NO.269/1,LAXMI NAGAR",RH - 3,"jayashri subhash amritkar, DPH, [68768-14/10/2015]","['License: ', '20-130873 (Validity: 16/10/2020)', '20C-130875 (Validity: 16/10/2020)', '21-130874 (Validity: 16/10/2020)']"
DARSHIL MEDICALS AND GENERAL STORES - 9765013356,"KADMADU-GRAMPANCHAYAT MILKAT NO. 155,,MAIN ROAD",RH - 3,"kailas dharmraj nikam , DPH, [126910-11/04/2012]","['License: ', '20-50457 (Validity: 12/04/2017)', '20C-50459 (Validity: 12/04/2017)', '21-50458 (Validity: 12/04/2017)']"
DAVEJ RAMBAN MEDICOJ & GENERAL STORES - 9881504051,"CHALISGAON-C.S.T.NO.1546,SHOP NO.1,,RQATH GALLI, NEAR GANESH DEARI,",RH - 3,"deven deepak dave, DPH, [108963-03/01/2011]","['License: ', '20-22766 (Validity: 16/01/2021)', '20C-22768 (Validity: 16/01/2021)', '21-22767 (Validity: 16/01/2021)']"
DEVESH DISTRIBUTORS - 9822772260,"KARGAON ROAD, CHALISGAON-PLOT NO.21, S.NO.274,SAJJAN CO.OP.HOUSING SO. LAXMI NAGAR",W - 2,"sandip tarachand bedmutha , HSC, [C-P-20/10/2015]","['License: ', '20B-132206 (Validity: 30/10/2020)', '21B-132207 (Validity: 30/10/2020)']"
DHANANJAY MEDICAL & GENERAL STORES - 9096932986,"RANJANGAON-HOUSE NO 327,,MAIN ROAD",R - 2,"sunil pandharinath bhamare, DPH, [52768-29/04/2000]","['License: ', '20-192784 (Validity: 31/12/2021)', '21-192785 (Validity: 31/12/2021)']"
DHANASHRI MEDICAL & GENERAL STORES - 9823233144,"CHALISGAON-269, LAXMI NAGAR,MAIN ROAD",R - 2,"navneet shyamsunder dayma, DPH, [30323-08/04/2002]","['License: ', '20-20/803 (Validity: 07/04/2017)', '21-21/803 (Validity: 07/04/2017)']"
DRUG HOUSE - 9158922201,"CHALISGAON-SHOP NO 71, GHATE COMPLEX,BHADGAON ROAD",W - 2,"dinkar babulal mahajan , OTH, [C-P-27/11/2013]","['License: ', '20B-20B/1510 (Validity: 14/06/2020)', '21B-21B/1363 (Validity: 14/06/2020)']"
DURVA ENTERPRISES - 9850750239,"CHALISGAON-C.S.NO. 404/4+5, HOUSE NO. 12/08/1, PLOT NO. 14,,PRABHU RAMCHANDRA NAGAR, DHULE ROAD,",WH - 3,"bhushan narhar amrutkar, BSC, [C-P-16/01/2012]","['License: ', '20B-45615 (Validity: 24/01/2022)', '20D-45617 (Validity: 24/01/2022)', '21B-45616 (Validity: 24/01/2022)']"
DWARKA MEDICAL & GENERAL STORES - 7588010215,"CHALISGAON-C.S.T.NO 282 PLOT NO 7,GANESH ROAD",RWH - 6,"rajratna sudhakar patil, BPH, [158202-09/10/2014]","['License: ', '20-20/623 (Validity: 28/11/2019)', '20B-20B/1286 (Validity: 28/11/2019)', '20C-20C/186 (Validity: 28/11/2019)', '20D-20D/128 (Validity: 28/11/2019)', '21-21/623 (Validity: 28/11/2019)', '21B-21B/1142 (Validity: 28/11/2019)']"
DWARKADHISH MEDICAL AND GENERAL STORES - 9975962036,"CHALISGAON-PLOT NO.230, LAXMI NAGAR,,BHADGAON ROAD,",RH - 3,"sachin sharad morankar, DPH, [59776-17/04/2013]","['License: ', '20-59424 (Validity: 16/04/2018)', '20C-59426 (Validity: 16/04/2018)', '21-59425 (Validity: 16/04/2018)']"
ECOSTAR PHARMACEUTICALS PVT LTD - 9665922399,"CHALISGAON-FINAL [PLOT 286/1 SAINATH 3/F,NEAR GANESH SAW MILL",W - 2,"jitendra devidas dhamne, BPH, [170883-02/06/2015]","['License: ', '20B-122417 (Validity: 11/06/2020)', '21B-122418 (Validity: 11/06/2020)']"
G. S. PHARMA - 7588614251,"CHALISGAON-SHOP NO 131, FIRST FLOOR MOMAYA COMPLEX,NEHARU POINT, DHULE ROAD",WH - 3,"jayajirao gunwantrao deshmukh, DPH, [57791-29/07/2009]","['License: ', '20B-20B/1518 (Validity: 28/07/2019)', '20D-70800 (Validity: 10/03/2018)', '21B-21B/1371 (Validity: 28/07/2019)']"
GAJANAN MEDICAL & GENERAL STORES,"CHALISGAON-F.PLOT NO 274/4, DEORE HOSPITAL,KARGAON ROAD",RWH - 5,"sandeep rameshchandra jain, DPH, [34116-05/12/2007]","['License: ', '20-20/1400 (Validity: 04/12/2017)', '20B-20B/1413 (Validity: 04/12/2017)', '20C-20C/494 (Validity: 04/12/2017)', '21-21/1400 (Validity: 04/12/2017)', '21B-21B/1267 (Validity: 04/12/2017)']"
GANESH MEDICAL & GENERAL STORES - 9271195183,"GANESHPUR-HOUSE NO 4,MAIN ROAD",R - 2,"madhuri nandlal dhadiwal, DPH, [133618-17/10/2012]","['License: ', '20-20/2721 (Validity: 04/05/2018)', '21-21/2721 (Validity: 04/05/2018)']"
GANESH MEDICAL & GENERAL STORES - 9294771216,"UMBARKHEDE-HOUSE NO 521/2,MAIN ROAD",RH - 3,"surekha dattatray gharthe, DPH, [42889-14/05/2002]","['License: ', '20-20/1005 (Validity: 13/05/2017)', '20C-76010 (Validity: 29/05/2018)', '21-21/1005 (Validity: 13/05/2017)']"
GANESH SALES CORPORATION - 9975458607,"CHALISGAON-ROOM NO. 1 & 2, HOUSE NO. 2767, C.S.NO.1786,,GHAT ROAD,",RW - 4,"chetan hashmatrao mandhani, DPH, [71179-21/09/2011]","['License: ', '20-38813 (Validity: 10/10/2021)', '20B-38815 (Validity: 10/10/2021)', '21-38814 (Validity: 10/10/2021)', '21B-38816 (Validity: 10/10/2021)']"
GAURAV MEDICAL AND GENERAL STORES - 9921945349,"CHALISGAON-C.S.T.NO.2/2, PLOT NO.33, GALA NO.1, AMAR SHANTI HOSPITAL,,BESIDE SENIOR TYRES, BHADGAON ROAD,TAAKLI PR.CHA.,",RH - 3,"babulal dhondu mahajan, DPH, [18570-29/10/2015]","['License: ', '20-132136 (Validity: 29/10/2020)', '20C-132138 (Validity: 29/10/2020)', '21-132137 (Validity: 29/10/2020)']"
GAURI GASES - 9422773908,"CHALISGAON-FINAL POLT NO.44, C.S. NO.21,,HIRAPUR ROAD, OPP. NALANDA HIGH SCHOOL,",W - 1,"rahul vitthal korale, DPH, [C-P-15/04/2016]","['License: ', '20B-150210 (Validity: 16/05/2021)']"
GAYATRI MEDICAL & GENERAL STORES - 9423150398,"CHALISGAON-BLOCK NO 9, SUVARNATAI SHOPPING COMPLEX,KARGAON ROAD",RWH - 5,"dheeraj manohar zope, DPH, [59635-27/08/2002]","['License: ', '20-197104 (Validity: 26/08/2017)', '20B-101126 (Validity: 01/08/2019)', '20D-101128 (Validity: 01/08/2019)', '21-197105 (Validity: 26/08/2017)', '21B-101127 (Validity: 01/08/2019)']"
GIRISH AGENCIES - 8421759383,"CHALISGAON-GAL NO 2 FINAL PLOT NO 81,HANUMANWADI CHALISGAON",WH - 3,"ramesh guraldas tanwani, [C-P-01/10/2014]","['License: ', '20B-106836 (Validity: 14/11/2019)', '20D-106838 (Validity: 14/11/2019)', '21B-106837 (Validity: 14/11/2019)']"
GOVIND MEDICAL AND GENERAL STORES - 9096366138,"CHALISGAON-FINAL PLOT NO. 277, SUB PLOT NO.6A, GR. FLOOR, SHOP NO.3,FROM SOUTH SIDE, NEAR CAPTAIN CORNER, BHADGAON ROAD,",RH - 3,"ganesh bhalchandra sonawane, DPH, [159568-01/10/2016]","['License: ', '20-167917 (Validity: 16/10/2021)', '20C-167919 (Validity: 16/10/2021)', '21-167918 (Validity: 16/10/2021)']"
GUNVANTA MEDICAL & GENERAL STORES - 9028328195,"CHALISGAON-SHOP NO 1, NEAR KACHERI,STATION ROAD",RH - 3,"chetana ravindra mahajan, DPH, [64095-04/05/2006]","['License: ', '20-152201 (Validity: 03/05/2021)', '20C-152202 (Validity: 03/05/2021)', '21-152203 (Validity: 03/05/2021)']"
GURUDATTA MEDICAL & GENERAL STORES - 9767674655,"KALMADU-HOUSE NO 378,KUNZAR ROAD",R - 2,"amol sambhaji patil, DPH, [103707-02/03/2010]","['License: ', '20-20/2992 (Validity: 01/03/2020)', '21-21/2992 (Validity: 01/03/2020)']"
GURUKRUPA MEDICAL & GENERAL STORES,"CHALISGAON-SHOP NO 7, AHILYA DEVI SHOPPING COMPLEX,MAIN ROAD",RH - 3,"chandrakant gulabrao deshmukh, DPH, [25436-15/10/1999]","['License: ', '20-20/1410 (Validity: 31/12/2017)', '20C-67860 (Validity: 31/12/2017)', '21-21/1410 (Validity: 31/12/2017)']"
GURUKRUPA MEDICAL & GENERAL STORES - 9881260359,"SANGAVI-SHOP NO. 1, HOUSE NO 284,MAIN ROAD",RH - 3,"gokul deelipsing rathod, DPH, [31601-23/07/2012]","['License: ', '20-151217 (Validity: 01/05/2021)', '20C-151218 (Validity: 01/05/2021)', '21-151219 (Validity: 01/05/2021)']"
GURUNATH MEDICAL & GENERAL STORES - 9665321740,"CHALISGAON-HOUSE NO 7639,,GANESH ROAD",R - 2,"sanjay jayram rajwal, DPH, [24908-24/04/1992]","['License: ', '20-186422 (Validity: 31/12/2021)', '21-186423 (Validity: 31/12/2021)']"
HANS MEDICAL STORES - 8857933270,"CHALISGAON-SHOP NO 33 and 34,STATION ROAD",RH - 3,"rajesh ghanshamdas makhijani, DPH, [32474-01/08/2004]","['License: ', '20-20/729 (Validity: 16/07/2019)', '20C-20C/356 (Validity: 16/07/2019)', '21-21/729 (Validity: 16/07/2019)']"
HARSHIT MEDICAL - 9823060465,"CHALISGAON-FINAL PLOT NO - 26/9 (A) , DUDH SAGAR MARG,ANAND HOSPITAL AREA, RAILWAY STATION ROAD,",R - 2,"suraj dharmendra dhande, DPH, [186709-06/04/2016]","['License: ', '20-106507 (Validity: 10/11/2019)', '21-106508 (Validity: 10/11/2019)']"
HASNOOR MEDICAL AND GENERAL STORES - 9552812919,"Chalisgaon-C. S. No.2958,Choti Gujri, Islampura, Near Chaged Mill, Chalisgaon, Tal. C",RH - 3,"junaid khan nasir kha pathan, BPH, [144705-02/01/2015]","['License: ', '20-112244 (Validity: 27/01/2020)', '20C-112246 (Validity: 27/01/2020)', '21-112245 (Validity: 27/01/2020)']"
J. K. MEDICALS - 9326611279,"CHALISGAON-SHOP NO 20&21, GROUND FLOOR SUVARNATAI COMPLEX,BHADGAON ROAD",RH - 3,"prashant suresh chaudhari, DPH, [99300-12/02/2009]","['License: ', '20-20/2830 (Validity: 11/02/2019)', '20C-99151 (Validity: 29/06/2019)', '21-21/2830 (Validity: 11/02/2019)']"
JAGANNATH MEDICAL AND GENERAL STORES - 7588054714,"CHALISGAON-C.S.T.NO 1529A, HOUSE NO.2563, ADWA BAJAR,MAIN ROAD",RH - 3,"ravindra jagannath dhamne, DPH, [18213-01/04/1992]","['License: ', '20-188559 (Validity: 31/12/2021)', '20C-188560 (Validity: 31/12/2021)', '21-188561 (Validity: 31/12/2021)']"
JAI MALAHAR PHARMA - 9892001504,"AT. CHICHGAVHAN, POST. DAHIVAD-HOUSE NO. 153,OPPOSITE OF BUS STAND",RWH - 6,"sudhir ramesh more, DPH, [41886-22/09/2015]","['License: ', '20-129394 (Validity: 23/09/2020)', '20B-118630 (Validity: 26/04/2020)', '20C-129396 (Validity: 23/09/2020)', '20D-118632 (Validity: 26/04/2020)', '21-129395 (Validity: 23/09/2020)', '21B-118631 (Validity: 26/04/2020)']"
JAIN MEDICAL AND GENERAL STORES - 9028411311,"CHALISGAON-C.S.T.NO.201/30, PLOT NO.30 ,,LAXMI NAGAR,",RH - 3,"nilesh nandlal chhoriya, DPH, [43381-13/08/2012]","['License: ', '20-58762 (Validity: 31/08/2017)', '20C-58764 (Validity: 31/08/2017)', '21-58763 (Validity: 31/08/2017)']"
JAN AUSHADHI MEDICAL STORE - 9404052786,"A/P.CHALISGAON-SURVEY NO. 2243,NAGAR PALIKA SHOPPING COMPLEX,,SHOP NO.9, BARABHAI MOHALLA, PATNADEVI ROAD,",RH - 3,"abdul kalam abdul salam, DPH, [174525-30/12/2016]","['License: ', '20-192720 (Validity: 12/01/2022)', '20C-192722 (Validity: 12/01/2022)', '21-192721 (Validity: 12/01/2022)']"
JANSEVA MEDICAL AND GENERAL STORES - 9403245231,"CHALISGAON,-S. NO. 384, MANORATH SQUARE GROUND FLOOR,SHOP NO.1, MALEGAON ROAD,",RH - 3,"nayankumar vijaykumar brahmecha, DPH, [95785-25/12/2016]","['License: ', '20-191085 (Validity: 06/01/2022)', '20C-191087 (Validity: 06/01/2022)', '21-191086 (Validity: 06/01/2022)']"
JANSEVA MEDICAL AND GENERAL STORES - 7276661657,"DHAMANGAON-HOUSE NO.291,SHIDWADI ROAD",RH - 3,"shaikh rizwan shaikh yunus, DPH, [163341-18/11/2015]","['License: ', '20-134928 (Validity: 04/12/2020)', '20C-134930 (Validity: 04/12/2020)', '21-134929 (Validity: 04/12/2020)']"
JIJAI MEDICAL & GENERAL STORES - 9850713595,"KHEDGAON, TAL. CHALISGAON-HOUSE NO 247 (Old) 248(New), ground floor,MAIN ROAD.,OPP.POST OFFICE,",RH - 3,"umesh murlidhar brahmankar, DPH, [54607-11/06/2001]","['License: ', '20-20/1652 (Validity: 31/12/2017)', '20C-20C/700 (Validity: 31/12/2017)', '21-21/1652 (Validity: 31/12/2017)']"
JIJAU MEDICAL & GENERAL STORES - 9730919791,"LONDHE-HOUSE NO 213,,NEAR DAREGAON STAND,",RH - 3,"bhaskarrao popatrao patil, DPH, [27831-26/02/2004]","['License: ', '20-20/2017 (Validity: 02/02/2020)', '20C-74988 (Validity: 13/05/2018)', '21-21/2017 (Validity: 02/02/2020)']"
JOGESHWARI MEDICAL AND GENERAL STORES - 9860009571,"VADGAON LAMBE-HOUSE NO.193,NEAR HANUMAN MANDIR",RH - 3,"unmesh purushottam alai, DPH, [174520-03/11/2015]","['License: ', '20-132662 (Validity: 04/11/2020)', '20C-132664 (Validity: 04/11/2020)', '21-132663 (Validity: 04/11/2020)']"
JOGESHWARI MEDICAL AND GENERAL STORES - 9579988857,"CHALISGAON.-GALA NO. 16, VARACHA MAJALA,,ANILDADA VYAPARI SANKUL, NAGAD ROAD,",RH - 3,"savata uddhav mali, DPH, [66886-29/12/2015]","['License: ', '20-86596 (Validity: 05/12/2018)', '20C-86598 (Validity: 05/12/2018)', '21-86597 (Validity: 05/12/2018)']"
JOGESHWARI PHARMA - 9665708789,"CHALISGAON-SHOP NO.60,GHATE COMPLEX",WH - 3,"jitendra prabhakar khodake, DPH, [160121-17/10/2015]","['License: ', '20B-132668 (Validity: 04/11/2020)', '20D-132670 (Validity: 04/11/2020)', '21B-132669 (Validity: 04/11/2020)']"
KALASH MEDICAL & GENERAL STORES - 9595181831,"CHALISGAON-H.NO. 14526, GALA NO. 16,,SUVARNATAI COMPLEX , KARGAON ROAD",RH - 3,"virendra nemichand tathed, BPH, [64884-17/09/2013]","['License: ', '20-81797 (Validity: 25/09/2018)', '20C-81799 (Validity: 25/09/2018)', '21-81798 (Validity: 25/09/2018)']"
KALIKA MEDICAL & GENERAL STORES - 7709307977,"TALEGAON-HOUSE NO 9/2, C.S.T.NO 951,MAIN ROAD",RH - 3,"parag dinkar kasar, DPH, [58856-21/12/2006]","['License: ', '20-20/2489 (Validity: 17/12/2020)', '20C-20C/991 (Validity: 17/12/2020)', '21-21/2489 (Validity: 17/12/2020)']"
KALYANI MEDICAL AND GENERAL STORES - 8605045176,"CHALISGAON-C.S.NO. 379/2C, GALA NO. 2, WARD NO. 1, HOUSE NO. 33,NEAR SATHE MANGAL KARYALAYA, NEAR STATE BANK COLONY",RH - 3,"kalyani bhanudas sambare, DPH, [136597-22/07/2014]","['License: ', '20-101120 (Validity: 01/08/2019)', '20C-101122 (Validity: 01/08/2019)', '21-101121 (Validity: 01/08/2019)']"
KHANDESH PASHUSEVA AUSHADHALAY - 9765227260,"CHALISGAON-GALA NO.74, FINAL PLOT NO.297, SUB PLOT NO.15A,,GHATE COMPLEX, BHADGAON ROAD,",RWH - 6,"chetan dinkar pakhale, BPH, [94751-03/05/2016]","['License: ', '20-150755 (Validity: 19/05/2021)', '20B-150757 (Validity: 19/05/2021)', '20C-150759 (Validity: 19/05/2021)', '20D-150760 (Validity: 19/05/2021)', '21-150756 (Validity: 19/05/2021)', '21B-150758 (Validity: 19/05/2021)']"
KHANDESH SUPER MEDICAL & GENERAL STORES - 7588007171,"CHALISGAON-FINAL PLOT NO.137,,STATION ROAD,",RH - 3,"maheshkumar gambhirao patil, DPH, [41712-22/08/2012]","['License: ', '20-58765 (Validity: 31/08/2017)', '20C-58767 (Validity: 31/08/2017)', '21-58766 (Validity: 31/08/2017)']"
KRANTI MEDICAL AND GENERAL STORES - 9403089706,"KHEDGAON-HOUSENO 2, ROOM NO 3,MAIN ROAD",R - 2,"subhash ramdas salunkhe, DPH, [6663-04/04/1996]","['License: ', '20-20/977 (Validity: 31/12/2016)', '21-21/977 (Validity: 31/12/2016)']"
KUSHAL MEDICAL AND GENERAL STORES - 9850581891,"CHALISGAON-PLOT NO.60, GALA NO.3,HIRAPUR ROAD,,NEAR GANESH MANGAL KARYALAYA,",RH - 3,"vinod shantilal jain, DPH, [38481-20/11/1996]","['License: ', '20-183570 (Validity: 31/12/2021)', '20C-183571 (Validity: 31/12/2021)', '21-183572 (Validity: 31/12/2021)']"
LAXMI DISTRIBUTORS - 9226893093,"CHALISGAON-PLOT NO 130, C.S.NO. 5990/4, HANUMAN WADI,MAIN ROAD",W - 2,"motilal kantilal jain, BCO, [C-P-27/11/1996]","['License: ', '20B-186172 (Validity: 31/12/2021)', '21B-186173 (Validity: 31/12/2021)']"
LIFE CARE PHARMA - 9970843443,"CHALISGAON-C.S.NO.3744, NEAR TAHSIL KACHERI,STATION ROAD",WH - 3,"naresh bharat patil, DPH, [C-P-07/10/2014]","['License: ', '20B-105127 (Validity: 17/10/2019)', '20D-105129 (Validity: 17/10/2019)', '21B-105128 (Validity: 17/10/2019)']"
LISA PHARMA - 9270068404,"CHALISGAON-C.S.T.NO.311/2, HOUSE NO.8600, WARD NO.8,,HIRAPUR ROAD, INDRAPRASTHA NAGAR, NAVIN NAKA,",RW - 4,"chandan sagarmal khabiya, DPH, [21396-08/02/2008]","['License: ', '20-66269 (Validity: 27/12/2017)', '20B-20B/1456 (Validity: 27/12/2017)', '21-66270 (Validity: 27/12/2017)', '21B-21B/1309 (Validity: 27/12/2017)']"
LOKESH MEDICAL & GENERAL STORES,"PATNADEVI-GALA NO 1, BESIDE VITHHAL TEMPLE,MAIN ROAD",R - 2,"dinesh baliram shinde, DPH, [22557-07/08/2012]","['License: ', '20-20/2092 (Validity: 23/08/2017)', '21-21/2092 (Validity: 23/08/2017)']"
LOKSEVA MEDICAL AND GENERAL STORES - 7776890382,"WAGHALI-HOUSE NO. 904,WANI GALLI",RH - 3,"nilesh chindhu patil, DPH, [77391-29/10/2014]","['License: ', '20-107246 (Validity: 23/11/2019)', '20C-107248 (Validity: 23/11/2019)', '21-107247 (Validity: 23/11/2019)']"
LUCKY MEDIACL AND GENERAL STORES - 9028908301,"CHALISGAON-PLOT NO.16, GALA NO.3,,STATION ROAD,",RH - 3,"ramesh mirchumal lalwani, DPH, [37049-24/06/1996]","['License: ', '20-186903 (Validity: 31/12/2021)', '20C-186904 (Validity: 31/12/2021)', '21-186905 (Validity: 31/12/2021)']"
MAHAJAN MEDICAL AGENCY - 9822650487,"CHALISGAON-GALA NO 1, GROUND FLOOR MODEL CO.OPE.HOU.SOCIETY,NEAR S.I.C. OFFICE",WH - 3,"mangesh dattatrya mahajan, HSC, [C-P-01/04/1992]","['License: ', '20B-186888 (Validity: 31/12/2021)', '20D-72403 (Validity: 02/04/2018)', '21B-186889 (Validity: 31/12/2021)']"
MAHALAXMI MEDICAL & GENERAL STORES - 9923252951,"CHALISGAON-PLOT NO 44,LAXMINAGAR,KARGAON ROAD",R - 2,"vasant shambhu jahagirdar, DPH, [3276-07/01/2005]","['License: ', '20-20/2174 (Validity: 06/01/2020)', '21-21/2174 (Validity: 06/01/2020)']"
MAHARASHTRA MEDICAL STORES,"CHALISGAON-HOUSE NO 3714,STATION ROAD",RH - 3,"madanmohan pannalal more, DPH, [3685-26/10/1970]","['License: ', '20-20/32 (Validity: 31/12/2016)', '20C-20C/183 (Validity: 31/12/2016)', '21-21/32 (Validity: 31/12/2016)']"
MAHAVEER MEDICAL AND GENERAL STORES - 9595181831,"CHALISGAON-GALA NO 7, CAPTAIN CORNER, CAPTAIN COMPLEX,BHADGAON ROAD",RH - 3,"suvarna dinkarrao suryawanshi, BPH, [153564-30/07/2015]","['License: ', '20-20/539 (Validity: 31/12/2017)', '20C-20C/271 (Validity: 31/12/2017)', '21-21/539 (Validity: 31/12/2017)']"
MAHAVIR DISTRIBUTORS,"CHALISGAON-17, R. F. MARKET,,STATION ROAD",W - 2,"shitalkumar suganchand tayade, BCO, [C-P-21/06/1997]","['License: ', '20B-20B/910 (Validity: 31/12/2017)', '21B-21B/788 (Validity: 31/12/2017)']"
MAHAVIR MEDICAL & GENERAL STORES,"SHIRASGAON-SHOP NO1, BHAWANI CHOWK,MAIN ROAD",RH - 3,"dinesh sarupchand jain, DPH, [22183-12/04/1999]","['License: ', '20-20/1347 (Validity: 05/11/2017)', '20C-20C/402 (Validity: 05/11/2017)', '21-21/1347 (Validity: 05/11/2017)']"
MAHAVIR MEDICAL & GENERAL STORES - 7028684179,"HIRAPUR-HOUSE NO 301, OPP OF VITHHAL TEMPLE,MAIN ROAD",RH - 3,"bhushan babulal chhajed, DPH, [96283-20/09/2010]","['License: ', '20-20/3071 (Validity: 19/09/2020)', '20C-20C/1348 (Validity: 19/09/2020)', '21-21/3071 (Validity: 19/09/2020)']"
MAHESH MEDICAL & GENERAL STORES,"TAKLI PR.-PLOT NO134/1,MAIN ROAD",R - 2,"mahesh uttamrao pawar, DPH, [47763-23/02/1999]","['License: ', '20-20/1331 (Validity: 31/12/2017)', '21-21/1331 (Validity: 31/12/2017)']"
MAMTA MEDICAL AND GENERAL STORES - 9595848412,"CHALISGAON-3000 B,BEHIND CHHAJED OIL MILL",RH - 3,"salman khan aajmal khan pathan, DPH, [174548-18/01/2016]","['License: ', '20-140793 (Validity: 11/02/2021)', '20C-140795 (Validity: 11/02/2021)', '21-140794 (Validity: 11/02/2021)']"
MANGALMURTI MEDICAL & GENERAL STORES - 9175239776,"CHALISGAON-PLOT NO 1, SHEJVALKAR NAGAR,BHADGAON ROAD",R - 2,"pushpa suresh chaudhari, DPH, [65098-07/05/2009]","['License: ', '20-20/2865 (Validity: 26/04/2020)', '21-21/2865 (Validity: 26/04/2020)']"
MANGESH MEDICAL AND GENERAL STORES - 9850581892,"CHALISGAON-PLOT NO. 269/A/B, SHOP NO. 1,,LAXMI NAGAR,",RH - 3,"yogesh dattatray mahajan, DPH, [37050-01/01/1999]","['License: ', '20-20/493 (Validity: 16/04/2018)', '20C-73796 (Validity: 16/04/2018)', '21-21/493 (Validity: 16/04/2018)']"
MASUM MEDICAL AND GENERAL STORES - 9423902194,"CHALISGAON-SHOP NO. 2, SERVE NO. 3091, NAVAGAON,,OPPOSITE OF URDU BALWADI, ISLAMPURA,",R - 2,"amjad khan ahemad khan khan, DPH, [19784-20/06/2003]","['License: ', '20-20/1922 (Validity: 19/06/2018)', '21-21/1922 (Validity: 19/06/2018)']"
MATOSHRI MEDICAL AND GENERAL STORES - 8806053113,"MEHUNBARE-MALMATTA NO. 2200, GAT NO. 228/4/A,OPPOSITE OF SWAMI SAMARTH KENDRA, DHULE ROAD",RH - 3,"gayatri prakash pawar, DPH, [147737-05/05/2016]","['License: ', '20-93647 (Validity: 27/03/2019)', '20C-93649 (Validity: 27/03/2019)', '21-93648 (Validity: 27/03/2019)']"
MAULI MEDICAL & GENERAL STORES - 9420498228,"CHALISGAON-SHOP NO 2 KAMALDEEP COMPLEX,DHULE ROAD CHALISGAON",RWH - 5,"hemant ramkrishna pawar, DPH, [70288-27/12/2007]","['License: ', '20-20/2638 (Validity: 26/12/2017)', '20B-74564 (Validity: 13/05/2018)', '20C-20C/1088 (Validity: 26/12/2017)', '21-21/2638 (Validity: 26/12/2017)', '21B-74565 (Validity: 13/05/2018)']"
MAYA MEDICAL AND GENERAL STORES - 8055170399,"DIST. JALGAON-HOUSE NO.178,AT.PO. BORKHEDE (BK) TQ. CHALISGAON",RH - 3,"pravin prakash kedar, DPH, [169300-15/05/2015]","['License: ', '20-120652 (Validity: 20/05/2020)', '20C-120654 (Validity: 20/05/2020)', '21-120653 (Validity: 20/05/2020)']"
MAYANK MEDICAL AND GENERAL STORES - 7588193188,"CHALISGAON-PLOT NO. 206 IN SUB PLOT NO. 7 & 8 B, NEAR PARDESHI BOARDING,RATHOD HOSPITAL, LAXMI NAGAR,",RH - 3,"yogesh bhimrao patil, BPH,DPH, [92977-18/10/2013]","['License: ', '20-83244 (Validity: 17/10/2018)', '20C-83246 (Validity: 17/10/2018)', '21-83245 (Validity: 17/10/2018)']"
NARENDRA MEDICAL AND GENERAL STORES,"BAHAL-HOUSE NO 509,MAIN ROAD",RH - 3,"suresh bapu shirude, DPH, [14257-28/08/1985]","['License: ', '20-20/203 (Validity: 31/12/2017)', '20C-67858 (Validity: 15/01/2018)', '21-21/203 (Validity: 31/12/2017)']"
NAULAKHA MEDICAL & GENERAL STORES - 9423936034,"PILKHOD-SHOP NO 2, HOUSE NO. 1, WARD NO. 2,,FRONT OF BUS STAND",RH - 3,"bhagchand madhavalal naulakha, DPH, [15279-17/11/2006]","['License: ', '20-173272 (Validity: 16/11/2021)', '20C-173273 (Validity: 16/11/2021)', '21-173274 (Validity: 16/11/2021)']"
NEW DWARKA MEDICAL & GENERAL STORES,"CHALISGAON-BLOCK NO 6, AHILYADEVI SHOPPING COMPLEX,PATNADEVI ROAD",RH - 3,"yogita nanaji chavan, DPH, [64070-15/10/1999]","['License: ', '20-20/1409 (Validity: 31/12/2017)', '20C-20C/497 (Validity: 31/12/2017)', '21-21/1409 (Validity: 31/12/2017)']"
NEW GAJANAN MEDICAL AND GENERAL STORES - 9763868372,"MEHUNBARE-HOUSE NO.919,,NAVEGAON",RH - 3,"devidas damodar yeole, DPH, [31028-07/12/2012]","['License: ', '20-65580 (Validity: 16/12/2017)', '20C-65582 (Validity: 16/12/2017)', '21-65581 (Validity: 16/12/2017)']"
NEW GANESH MEDICAL & GENERAL STORES - 9960437712,"MEHUNBARE-SHOP NO 1, C.S.NO.697, HOUSE NO. 1802,,MAIN ROAD",R - 2,"ghanshyam ashok shirude, DPH, [88014-26/05/2008]","['License: ', '20-20/2732 (Validity: 25/05/2018)', '21-21/2732 (Validity: 25/05/2018)']"
NEW HANS MEDICAL & GENERAL STORES - 9890314464,"CHALISGAON-SHOP NO 2,3, FINAL PLOT NO. 276/7,RENUKA COMPLEX, LAXMI NAGAR",RH - 3,"giyaneshwar machhrumal makhijani, DPH, [25561-23/06/2009]","['License: ', '20-20/1352 (Validity: 20/04/2019)', '20C-20C/485 (Validity: 20/04/2019)', '21-21/1352 (Validity: 20/04/2019)']"
NEW MATOSHRI MEDICAL AND GENERAL STORES - 9767821088,"A/P.TARWADE BK.-MALMATTA NO. 21, C.S. NO. 243, WEST SIDE SHOP,,NEAR DATTA MANDIR, MASJID LANE,",RH - 3,"ganesh vijay sapkale, DPH, [141821-20/09/2016]","['License: ', '20-164993 (Validity: 22/09/2021)', '20C-164995 (Validity: 22/09/2021)', '21-164994 (Validity: 22/09/2021)']"
NEW NILESH MEDICAL AND GENERAL STORES - 9011108108,"CHALISGAON-C.S.T.NO.426A/1, PLOT NO.133,DR.JINTURKAL HOSPITAL, HANUMAN WADI",R - 2,"roshan vinod gulecha, DPH, [131287-08/10/2015]","['License: ', '20-130876 (Validity: 16/10/2020)', '21-130877 (Validity: 16/10/2020)']"
NEW SAIGURU MEDICAL AND GENERAL STORES - 9890737557,"SHINDI-HOUSE NO. 96, NEAR BUS STAND,,FRONT OF DURSANCHAR KENDRA",RH - 3,"sunil balwant mali, DPH, [96375-12/09/2011]","['License: ', '20-38417 (Validity: 25/09/2021)', '20C-38419 (Validity: 25/09/2021)', '21-38418 (Validity: 25/09/2021)']"
NEW SANKALP MEDICAL & GENERAL STORES - 9860673610,"KUNZAR-SHOP NO.1, HOUSE NO.493/1,,NEAR SARVODAY MADHAMIC SCHOOL,",RH - 3,"prashantkumar vishwasrao mahale, DPH, [62404-01/03/2012]","['License: ', '20-25959 (Validity: 10/03/2021)', '20C-25961 (Validity: 10/03/2021)', '21-25960 (Validity: 10/03/2021)']"
NEW SHIRISH MEDICAL AND GENRAL STORES - 8237495303,"CHALISGAON-C.S. NO.292/1, PLOT NO.1, GALA NO.1,,BHADGAON ROAD, TAL. CHALISGAON, DIST. JALGAON",RH - 3,"anil shamrao patil, DPH, [175005-20/12/2016]","['License: ', '20-20/2001 (Validity: 03/03/2020)', '20C-91517 (Validity: 03/03/2020)', '21-21/2001 (Validity: 03/03/2020)']"
NEW SHREE OM MEDICAL - 9881260260,"CHALISGAON-Shop No. L 61, Muncipal Complex,,Hirapur Road, Chalisgaon, Tal. Chalisgaon, Dist. Jalgaon",RWH - 6,"dnyaneshavar nilkanth mahale, DPH, [44540-15/11/2014]","['License: ', '20-107262 (Validity: 23/11/2019)', '20B-107264 (Validity: 23/11/2019)', '20C-107266 (Validity: 23/11/2019)', '20D-107267 (Validity: 23/11/2019)', '21-107263 (Validity: 23/11/2019)', '21B-107265 (Validity: 23/11/2019)']"
NEW SHREE SWAMI MUKTANAND MEDICAL AND GENERAL STORES - 8928840609,"CHALISGAON-SHOP NO. 2, C.S.NO.2958,CHOTI GUJARI, CHAUDHARI WADA",RH - 3,"sharad chindhu khedkar, DPH, [19932-12/06/2014]","['License: ', '20-100196 (Validity: 17/07/2019)', '20C-100198 (Validity: 17/07/2019)', '21-100197 (Validity: 17/07/2019)']"
NEW SHRISAMARTH MEDICAL AND GENERAL STORES - 9049786180,"CHALISGAON-MALMATTA NO.165, MAIN ROAD,,AT POST KALMADU, TAL. CHALISGAON",RH - 3,"pradnya himmatrao chavhan (walde), BPH, [131308-11/09/2015]","['License: ', '20-129307 (Validity: 22/09/2020)', '20C-129309 (Validity: 22/09/2020)', '21-129308 (Validity: 22/09/2020)']"
NEW SWAGAT DISTRIBUTORS,"CHALISGAON-SHOP NO 1, PLOT NO. 274/15, GROUND FLOOR, SURYA PARK,,KARGAON ROAD",W - 2,"manish vilasrao deshmukh, HSC, [C-P-15/12/2011]","['License: ', '20B-20B/908 (Validity: 31/12/2016)', '21B-21B/786 (Validity: 31/12/2016)']"
NEW SWAGAT DISTRIBUTORS (GODOWN),"CHALISGAON-SURYA PARK, F.PLOT NO 274/15,KARGAON ROAD",W - 2,"manish vilasrav deshmukh, HSC, [C-P-29/02/2000]","['License: ', '20B-20B/1063 (Validity: 31/12/2016)', '21B-21B/930 (Validity: 31/12/2016)']"
NEW TULSHI MEDICAL & GENERAL STORES - 9970752400,"CAHLAISGAON-SHOP NO.1, C.S.T.NO. 2448,WARD NO.25,ATHAWADE BAZAR,",RH - 3,"jayvant prabhakar wani, DPH, [108201-24/03/2011]","['License: ', '20-29588 (Validity: 03/05/2021)', '20C-29590 (Validity: 03/05/2021)', '21-29589 (Validity: 03/05/2021)']"
NEW VEDANT MEDICAL AND GENERAL STORES - 9890269366,"CHALISGAON-FINAL PLOT NO.318, SHOP NO.1,,SHIVAJI CHOWUK, KARGAON ROAD",RH - 3,"prashant ramesh yevale, DPH, [71124-12/10/2015]","['License: ', '20-130878 (Validity: 16/10/2020)', '20C-130880 (Validity: 16/10/2020)', '21-130879 (Validity: 16/10/2020)']"
NEW VIJAY DISTRIBUTORES - 9975524498,"CHALISGAON-HOUSE NO. 1313 & 1314,,RATH GALLI,",WH - 3,"milind ravindra kothawade, DPH, [115428-13/09/2012]","['License: ', '20B-60293 (Validity: 24/09/2017)', '20D-60295 (Validity: 24/09/2017)', '21B-60294 (Validity: 24/09/2017)']"
NITIN MEDICAL AND GENERAL STORES - 9422328877,"PATONDA-HOUSE NO 705/1A,,MAIN ROAD",RH - 3,"nitin pandurang mali, DPH, [170159-15/05/2015]","['License: ', '20-20/1450 (Validity: 19/05/2020)', '20C-20C/402 (Validity: 19/05/2020)', '21-21/1450 (Validity: 19/05/2020)']"
OM MEDICAL & GENERAL STORES - 9011707430,"KUNZAR-HOUSE NO 232/1,MAIN ROAD",RH - 3,"prakash jayaram patil, DPH, [48734-29/04/1999]","['License: ', '20-178813 (Validity: 31/12/2017)', '20C-58335 (Validity: 26/08/2017)', '21-178814 (Validity: 31/12/2017)']"
OM MEDICAL & GENERAL STORES,"CHALISGAON-PLOT NO 277, HOUSE NO 11402 LAXMINAGAR,MAIN ROAD",R - 2,"nilesh jaysing rajput, DPH, [64926-20/09/2007]","['License: ', '20-20/2607 (Validity: 19/09/2017)', '21-21/2607 (Validity: 19/09/2017)']"
OM MEDICAL & GENERAL STORES - 9922127331,"BRAHMANSHEVGE-SHOP NO 6, GRAMPANCHAYAT SANKUL,MAIN ROAD",R - 2,"bhushan nana patil, DPH, [127445-23/07/2013]","['License: ', '20-20/2886 (Validity: 22/06/2019)', '21-21/2886 (Validity: 22/06/2019)']"
OM MEDICAL & GENERAL STORES - 9763452275,"SHIRASGAON-HOUSE NO 180, BHAWANI CHOWK,MAIN ROAD",R - 2,"sunil suresh chavan, DPH, [86328-06/11/2007]","['License: ', '20-20/2632 (Validity: 02/04/2019)', '21-21/2632 (Validity: 02/04/2019)']"
OM MEDICAL AND GENERAL STORES - 7709909565,"PILKHODE-Shop No.2, Ghar No.60,,Pilkhode, Tal. Chalisgaon, Dist. Jalgaon",RH - 3,"rahul karbhari shinde, DPH, [159035-09/02/2015]","['License: ', '20-113713 (Validity: 12/02/2020)', '20C-113715 (Validity: 12/02/2020)', '21-113714 (Validity: 12/02/2020)']"
OM SAI MEDICAL & GENERAL STORES - 9021770813,"BAHAL (RATHACHE)-HOUSE NO 1327, NEAR RATH,MAIN ROAD",RH - 3,"niteen sudhakar brahmankar, DPH, [100867-06/05/2009]","['License: ', '20-20/2862 (Validity: 05/05/2019)', '20C-20C/1232 (Validity: 05/05/2019)', '21-21/2862 (Validity: 05/05/2019)']"
OM SAI MEDICAL & GENERAL STORES - 7745818267,"BELDARWADI-HOUSE NO.401/2,,NEAR VITTHAL MANDIR,",RH - 3,"seema alamchand khatri, DPH, [33045-04/01/2014]","['License: ', '20-22769 (Validity: 16/01/2016)', '20C-22771 (Validity: 16/01/2016)', '21-22770 (Validity: 16/01/2016)']"
OMKAR ENTERPRISES - 9021301654,"CHALISGAON-HOUSE NO. 23,,BEHIND VAIBHAV MANGAL KARYALAYA, BHADGAON ROAD, KAILAS NAGAR",WH - 3,"tushar sudhakar amrutkar, BPH, [83630-09/12/2014]","['License: ', '20B-109414 (Validity: 18/12/2019)', '20D-109416 (Validity: 18/12/2019)', '21B-109415 (Validity: 18/12/2019)']"
PARIJAT MEDICAL AND GENERAL STORES,"CHALISGAON-FINAL PLOT NO 295,BHADGAON ROAD",RH - 3,"deepak bhalerao patil, DPH, [28110-16/10/1995]","['License: ', '20-20/921 (Validity: 31/12/2017)', '20C-20C/294 (Validity: 31/12/2017)', '21-21/921 (Validity: 31/12/2017)']"
POPULAR DISTRIBUTORSS - 9823722730,"CHALISGAON-C.S.NO.1338, FIRST FLOOR,,RATH GALLI,",WH - 3,"nilesh pradiprao deshmukh, BPH, [C-P-27/01/2014]","['License: ', '20B-90318 (Validity: 02/02/2019)', '20D-90320 (Validity: 02/02/2019)', '21B-90319 (Validity: 02/02/2019)']"
POPULAR MEDICAL STORES - 9999999999,"CHALISGAON-C.S.T.NO 1337,38 RATH GALLI,MAIN ROAD",RH - 3,"ashutosh appasaheb deshmukh, DPH, [135070-25/09/2013]","['License: ', '20-20/342 (Validity: 31/12/2017)', '20C-20C/348 (Validity: 31/12/2017)', '21-21/342 (Validity: 31/12/2017)']"
PRABHAT MEDICAL AND GENERAL STORES - 9420385763,"CHALISGAON-HOUSE NO 12759 OPP.OF BUS STAND,BHADGAON ROAD",RHX - 4,"anil chhagan pingle, [25491-21/11/2016]","['License: ', '20-20/2337 (Validity: 17/01/2021)', '20C-20C/849 (Validity: 17/01/2021)', '20F-20F/013 (Validity: 25/09/2019)', '21-21/2337 (Validity: 17/01/2021)']"
PRABHU MEDICAL AND GENERAL STORES - 9226928956,"CHALISGAON-PLOT NO. 197, FRONT OF DAGADI BUILDING,,NEAR DHULE BRIDGE, NARAYANWADI",RH - 3,"sarcho vaparimal bajaj, DPH, [7231-22/02/2012]","['License: ', '20-48827 (Validity: 13/03/2017)', '20C-48829 (Validity: 13/03/2017)', '21-48828 (Validity: 13/03/2017)']"
PRABHUTI MEDICAL AND GENERAL STORES - 9420348330,"UMBARKHEDE-HOUSE NO.128,UMBARKHEDE",RH - 3,"sopan daulat patil, DPH, [76387-13/10/2015]","['License: ', '20-130881 (Validity: 16/10/2020)', '20C-130883 (Validity: 16/10/2020)', '21-130882 (Validity: 16/10/2020)']"
PRAKASH MEDICAL AND GENERAL STORES - 9421158231,"SAYGAON-HOUSE NO 41/1,MAIN ROAD",R - 2,"shivaji babulal chaudhari, DPH, [25680-21/09/2013]","['License: ', '20-188555 (Validity: 31/12/2021)', '21-188556 (Validity: 31/12/2021)']"
PRANAV MEDICAL AND GENERAL STORES - 8888378403,"CHALISGAON-05, ANILDADA DESHMUKH COMPLEX, OPP. POLICE CHOUKI,GHAT ROAD, CHALISGAON",RH - 3,"rameshwar ukha chavhan, DPH, [755523-16/01/2016]","['License: ', '20-140345 (Validity: 08/02/2021)', '20C-140347 (Validity: 08/02/2021)', '21-140346 (Validity: 08/02/2021)']"
PRATHAMESH MEDICAL & GENERAL STORES,"CHALISGAON-C.S.NO. 2399/1B, PLOT NO. 12, GALA NO. 2,,FRONT OF NAGARPALIKA MANGAL KARYALAYA,",RH - 3,"nandkishor nilkanth mahale, DPH, [105590-30/04/2012]","['License: ', '20-20/2058 (Validity: 13/03/2017)', '20C-48818 (Validity: 13/03/2017)', '21-21/2058 (Validity: 13/03/2017)']"
PRATIK AGENCIES,"CHALISGAON-1839/B, AADVA BAJAR,MAIN ROAD",WH - 3,"sandip mishralal agrawal, SSC, [C-P-01/01/2002]","['License: ', '20B-20B/1069 (Validity: 31/12/2016)', '20D-20D/106 (Validity: 31/12/2016)', '21B-21B/937 (Validity: 31/12/2016)']"
PRATIK MEDICAL AND GENERAL STORES - 8275805040,"CHALISGAON-C.S.T.NO 1826 AFU GALLI,DR.RAJENDRAPRASAD ROAD",RWH - 5,"manoj mishrilal agrawal, DPH, [27215-22/04/1994]","['License: ', '20-186300 (Validity: 31/12/2021)', '20B-186301 (Validity: 31/12/2021)', '20C-186302 (Validity: 31/12/2021)', '21-186303 (Validity: 31/12/2021)', '21B-186304 (Validity: 31/12/2021)']"
RADHIKA MEDICAL AND GENERAL STORES - 7770060422,"BHAMARE BK.-GHAR NO.336,,NEAR GRAMPANCHYAT,",RH - 3,"kalpana prakash chaudhari, DPH, [149846-12/04/2016]","['License: ', '20-150707 (Validity: 19/05/2021)', '20C-150709 (Validity: 19/05/2021)', '21-150708 (Validity: 19/05/2021)']"
RAHUL AGENCIES - 9890519151,"CHALISGAON-SHOP NO 5,6&15, FINAL PLOT NO. 47, HOUSE NO. 6886,,PAVAN COMPLEX",WH - 3,"dilip madhavrao patil, DPH, [C-P-27/01/2014]","['License: ', '20B-20B/1101 (Validity: 12/06/2018)', '20D-20D/179 (Validity: 12/06/2018)', '21B-21B/964 (Validity: 12/06/2018)']"
RAJ MEDICALS & GENERAL STORES - 9270534001,"PATONDA-SHOP NO1 & 2, house no. 996,MUNDKHEDA ROAD",RH - 3,"nilesh uttamrao mahajan, DPH, [89295-08/02/2008]","['License: ', '20-20/2682 (Validity: 13/08/2019)', '20C-20C/1127 (Validity: 13/08/2019)', '21-21/2682 (Validity: 13/08/2019)']"
RAJA MEDICAL AND GENERAL STORES - 9422278850,"CHALISGAON-SHOP NO 76, C.S.T.NO 5045,MAIN ROAD",RWHX - 8,"swapnali bajirao mali, DPH, [128161-23/07/2014]","['License: ', '20-20/919 (Validity: 31/12/2017)', '20B-100213 (Validity: 17/07/2019)', '20C-20C/293 (Validity: 31/12/2017)', '20D-100215 (Validity: 17/07/2019)', '20F-100216 (Validity: 17/07/2019)', '20G-100217 (Validity: 17/07/2019)', '21-21/919 (Validity: 31/12/2017)', '21B-100214 (Validity: 17/07/2019)']"
RAJMATA JIJAU MEDICAL AND GENERAL STORES - 9766909001,"CHALISGAON-360/2/2B, PLOT NO. 17, VRUANDAVAN NAGAR,BHADGAON ROAD",RH - 3,"rupali ravindra borse, DPH, [138996-03/11/2014]","['License: ', '20-106842 (Validity: 14/11/2019)', '20C-106844 (Validity: 14/11/2019)', '21-106843 (Validity: 14/11/2019)']"
RAJSHREE MEDICAL & GENERAL STORES,"CHALISGAON-PLOT NO 206/1A, NARAYAN WADI,NEAR LAXMINAGAR",R - 2,"sangita ishwar kakade, DPH, [48581-26/08/2002]","['License: ', '20-20/1535 (Validity: 25/08/2017)', '21-21/1535 (Validity: 25/08/2017)']"
RAKA MEDICAL & GENERAL STORES - 9423918994,"UMBARKHEDE-HOUSE NO 46, SHOP NO 1,MAIN ROAD",RH - 3,"kailash bansilal raka, DPH, [21842-30/11/2004]","['License: ', '20-20/698 (Validity: 29/11/2019)', '20C-20C/755 (Validity: 29/11/2019)', '21-21/698 (Validity: 29/11/2019)']"
RAMBAN MEDICAL STORES - 9970108872,"CHALISGAON-C.S.NO. 1357, SHOP NO 1,,MAHATMA GANDHI MARG, SADAR BAJAR",RH - 3,"vinayak ramakant dave, DPH, [17663-05/09/2007]","['License: ', '20-20/529 (Validity: 04/05/2018)', '20C-20C/1158 (Validity: 04/05/2018)', '21-21/529 (Validity: 04/05/2018)']"
RAMDEVJI BABA (BAPJI) MEDICAL & GENERAL STORES - 9422775139,"CHALISGAON-C.S.T.NO 329/A/1, BAPJI HOSPITAL PARISAR,HIRAPUR ROAD",RH - 3,"haresh arjundas kalwani, DPH, [26023-09/06/2015]","['License: ', '20-20/3038 (Validity: 22/06/2020)', '20C-20C/1327 (Validity: 22/06/2020)', '21-21/3038 (Validity: 22/06/2020)']"
REFRESH PHARMA - 9890436565,"CHALISGAON-PLOT NO.12/B, VIDYULATA COLONY,,KARGAON ROAD,",W - 2,"umesh mohan brahmankar, DPH, [101424-16/02/2013]","['License: ', '20B-69437 (Validity: 15/02/2018)', '21B-69438 (Validity: 15/02/2018)']"
RISHIKESH MEDICAL AND GENERAL STORES - 9325561902,"PATONDA-HOUSE NO 704/1,MAIN ROAD",RH - 3,"pandurang onkar patil, DPH, [6585-05/05/1983]","['License: ', '20-194276 (Validity: 31/12/2017)', '20C-70762 (Validity: 10/03/2018)', '21-194277 (Validity: 31/12/2017)']"
RITESH MEDICAL & GENERAL STORES - 9881260261,"CHALISGAON-SHOP NO 1, BASEMENT SAIKRUSHNA HOSPITAL AWAR,LAXMINAGAR",RHX - 4,"badriprasad pannalal mor, [5337-16/06/2015]","['License: ', '20-20/2795 (Validity: 26/11/2018)', '20C-20C/1195 (Validity: 26/11/2018)', '20F-98278 (Validity: 11/06/2019)', '21-21/2795 (Validity: 26/11/2018)']"
RITIKA MEDICAL AND GENERAL STORES - 7776050308,"SAYGAON-MILKAT NO.973,,NEAR BUS STAND, NANDGAON ROAD",RH - 3,"ram sudam nikam, BPH, [132117-15/10/2015]","['License: ', '20-130884 (Validity: 16/10/2020)', '20C-130886 (Validity: 16/10/2020)', '21-130885 (Validity: 16/10/2020)']"
RUCHIKA PHARMACEUTICAL - 9881166211,"CHALISGAON-C.S.NO. 278/1, GALA NO. 7, CAPTION CORNER,,BHADGAON ROAD,",WH - 3,"mahesh ramesh borse, BA, [C-P-23/04/2015]","['License: ', '20B-79272 (Validity: 05/08/2018)', '20D-79274 (Validity: 05/08/2018)', '21B-79273 (Validity: 05/08/2018)']"
RUDRA MEDICAL AND GENERAL STORES - 9892001504,"DAHIWAD-MILKAT NO. 1051,,MAHADEV CHOWK, MAIN GALLI,",RH - 3,"janardhan narayan loharkar, DPH, [42823-12/09/2016]","['License: ', '20-90379 (Validity: 03/02/2019)', '20C-90381 (Validity: 03/02/2019)', '21-90380 (Validity: 03/02/2019)']"
RUDRA MEDICAL AND GENERAL STORES - 8623944577,"CHALISGAON-SHOP NO.4, , HOUSE NO. 1782,,SAPTASHRUNGI NAGAR, TAKLI PRACHA",RH - 3,"bhushan kishor chaudhari, DPH, [125067-27/01/2017]","['License: ', '20-132699 (Validity: 04/11/2020)', '20C-132701 (Validity: 04/11/2020)', '21-132700 (Validity: 04/11/2020)']"
SAGAR DISTRIBUTORS,"CHALISGAON-SHOP NO F25, FIRST FLOOR, GANESH COMPLEX,GANESH ROAD",WH - 3,"prashant subhash malu, DPH, [70988-15/10/2007]","['License: ', '20B-20B/1442 (Validity: 14/10/2017)', '20D-20D/171 (Validity: 14/10/2017)', '21B-21B/1295 (Validity: 14/10/2017)']"
SAGAR MEDICAL & GENERAL STORES - 7218404197,"RANJANGAON-HOUSE NO 92/2, C.S.NO. 154,,NEAR GRAMPANCHAYAT",RH - 3,"yashavant chhagan patil, DPH, [31976-21/11/2016]","['License: ', '20-168555 (Validity: 16/10/2021)', '20C-168556 (Validity: 16/10/2021)', '21-168557 (Validity: 16/10/2021)']"
SAI ASTHA MEDICAL AND GENERAL STORES - 9975997677,"TAL-CHALISGAON-FINAL PLOT NO. 47/4,,SHREYAS HOSPITAL COMPOUND. NEAR VIJAY COLLECTION",RH - 3,"prafulla suvalal jain, DPH, [172778-15/10/2016]","['License: ', '20-33358 (Validity: 03/07/2021)', '20C-33360 (Validity: 03/07/2021)', '21-33359 (Validity: 03/07/2021)']"
SAI KRUSHNA MEDICAL & GENERAL STORES - 9766817599,"CHALISGAON-GAT NO. 180, PLOT NO. 19/1,at post pimparkhe tanda",RH - 3,"vinod dagdu chavan, DPH, [140314-]","['License: ', '20-89715 (Validity: 26/01/2019)', '20C-89717 (Validity: 26/01/2019)', '21-89716 (Validity: 26/01/2019)']"
SAI MEDICAL & GENERAL STORES - 9405667923,"CHALISGAON-PLOT NO 13, SHOP NO 61,STATION ROAD",R - 2,"amar kanhiyalal bajaj, DPH, [66005-18/10/2003]","['License: ', '20-20/1969 (Validity: 17/10/2018)', '21-21/1969 (Validity: 17/10/2018)']"
SAI MEDICAL & GENERAL STORES,"TAKLI-HOUSE NO 1670, PLOT NO 26, TILAK NAGAR,MAIN ROAD",R - 2,"jyoti shriram agrawal, DPH, [61591-14/05/2012]","['License: ', '20-20/2559 (Validity: 15/05/2017)', '21-21/2559 (Validity: 15/05/2017)']"
SAI MEDICAL AND GENERAL STORES - 9096061299,"CHALISGAON-Shop No.1, Plot No.1, Shejwalkar Nagar,,Bhadgaon Raod, Chalisgaon, Tal. Chalisgaon Dist. Jalgaon",RH - 3,"sumitra sanjay gaikwad, BPH, [166654-05/05/2015]","['License: ', '20-120146 (Validity: 14/05/2020)', '20C-120148 (Validity: 14/05/2020)', '21-120147 (Validity: 14/05/2020)']"
SAI MEDICAL AND GENERAL STORES - 9860473022,"TALEGAON-C.S.NO.545, HOUSE NO. 22,,SUVARANATAI CHOWK",RH - 3,"bhushan diliprao shelar, DPH, [99207-24/06/2014]","['License: ', '20-99818 (Validity: 10/07/2019)', '20C-99820 (Validity: 10/07/2019)', '21-99819 (Validity: 10/07/2019)']"
SAI MEDICO & GENERAL STORES - 9561942464,"CHALISGAON-HOUSE NO11537,PLOT NO 276 IN SUB PLOT NO.4,,MODEL CO.OP. HOUSING SOCIETY, LAXMINAGAR,",RH - 3,"amol bapu patil, BPH, [131361-05/11/2014]","['License: ', '20-20/2800 (Validity: 14/12/2018)', '20C-20C/1200 (Validity: 14/12/2018)', '21-21/2800 (Validity: 14/12/2018)']"
SAI SAMARTH AGENCY (GODOWN) - 9960638663,"CHALISGAON-FINAL PLOT NO. 297/15 A, GALA NO. UG 52,,GHATE COMPLEX,",W - 2,"amit uttam nagne, BSC, [C-P-29/08/2013]","['License: ', '20B-80309 (Validity: 28/08/2018)', '21B-80310 (Validity: 28/08/2018)']"
SAI SAMARTHA AGENCY - 9960638663,"CHALISGAON-SHOP NO UG-47, GHATE COMPLEX,BHADGAON ROAD",RWX - 3,"milind popat borse, DPH, [67966-18/04/2009]","['License: ', '20B-20B/1505 (Validity: 17/04/2019)', '20G-93983 (Validity: 31/03/2019)', '21-21B/1358 (Validity: 17/04/2019)']"
SAILEELA MEDICAL AND GENERAL STORES - 9970945135,"DIST. JALGAON-483,,RANJANGAON, TQ. CHALISGAON",RH - 3,"vaibhav ashok chaudhari, DPH, [86298-16/06/2015]","['License: ', '20-122700 (Validity: 19/06/2020)', '20C-122702 (Validity: 19/06/2020)', '21-122701 (Validity: 19/06/2020)']"
SAINATH MEDICAL & GENERAL STORES,"CHALISGAON-C.S.T.NO-279/23,GANESH ROAD",R - 2,"udaysing ganeshsing rajput, DPH, [49504-13/12/1999]","['License: ', '20-20/1434 (Validity: 31/12/2017)', '21-21/1434 (Validity: 31/12/2017)']"
SAINATH PROVISION & AGENCIES - 9271650999,"CHALISGAON-SHOP NO. 2, C.S.NO. 1339, HOUSE NO1893,,RATHGALI, GANDHI CHOWK",W - 2,"nitin vikramrao deshmukh, BSC, [C-P-04/03/2008]","['License: ', '20B-20B/1457 (Validity: 03/03/2018)', '21B-21B/1310 (Validity: 03/03/2018)']"
SAIRAM MEDICAL AND GENERAL STORES - 9730841140,"TARWADE BK.-MILKAT NO.847 / 1A, GROUND FLOOR SHOP NO.1,,OPP. SAI MANDIR,",RH - 3,"rina kashinath chavhan, DPH, [87394-05/10/2016]","['License: ', '20-167914 (Validity: 16/10/2021)', '20C-167916 (Validity: 16/10/2021)', '21-167915 (Validity: 16/10/2021)']"
SAIRAM MEDICAL AND GENERAL STORES - 9326776869,"CHALISGAON-SHOP NO.11,GROUND FLOOR, GHAT ROAD,NAGARPALIKA SHOPPING COMPLEX, GHAT ROAD,",RH - 3,"sharadini vasudeo patil, DPH, [17209-30/12/2015]","['License: ', '20-138065 (Validity: 14/01/2021)', '20C-138067 (Validity: 14/01/2021)', '21-138066 (Validity: 14/01/2021)']"
SAISHIDDHI MEDICAL & GENERAL STORES - 9921288388,"CHALISGAON-SHOP NO.1, F. PLOT NO. 291, SUB PLOT NO. 3,DHANSHRI CLINIC, KAILASH NAGR, BHADGAON ROAD,",RH - 3,"chetan shravan chaudhari, DPH, [93923-22/02/2011]","['License: ', '20-25956 (Validity: 10/03/2021)', '20C-25958 (Validity: 10/03/2021)', '21-25957 (Validity: 10/03/2021)']"
SAISHRADHHA DISTRIBUTORS - 9960592849,"CHALISGAON-C.S.NO. 286/1, GALA NO. F F 6,7,8 & 9, FIRST FLOOR,,GAYATRI PLAZA, BHADGAON ROAD,",RWH - 6,"satyajeet ashokrao patil, DPH, [79589-16/10/2009]","['License: ', '20-81950 (Validity: 24/09/2018)', '20B-20B/1392 (Validity: 24/09/2018)', '20C-81952 (Validity: 24/09/2018)', '20D-20D/205 (Validity: 24/09/2018)', '21-81951 (Validity: 24/09/2018)', '21B-21B/1247 (Validity: 24/09/2018)']"
SAKSHI MEDICAL & GENERAL STORES - 9860450959,"CHALISGAON-HOUSE NO 9747, PLOT NO 33,OLD MALEGAON ROAD",RH - 3,"sujata subhashrao deshmukh, DPH, [134972-12/08/2013]","['License: ', '20-20/2552 (Validity: 20/04/2012)', '20C-20C/1037 (Validity: 20/04/2012)', '21-21/2552 (Validity: 20/04/2012)']"
SAMARTH DIAGNOSTICS - 9960815399,"Chalisgaon-C.S.NO.462/B/1, PLOT NO.8, SHAMSHANTI BUILDING,GROUND FLOOR SHOP,KARGAON ROAD",W - 2,"sarika balkrishna wagh, DPH, [56236-20/01/2017]","['License: ', '20B-199950 (Validity: 12/02/2022)', '21B-199951 (Validity: 12/02/2022)']"
SAMARTH MEDICAL & GENERAL STORES - 9325109568,"CHALISGAON-BLOCK NO 12, KUSURKAR COMPLEX TILAK CHOWK,MAIN ROAD",RH - 3,"afsana bi shaikh ayyub, DPH, [182872-23/09/2016]","['License: ', '20-192794 (Validity: 11/01/2022)', '20C-192795 (Validity: 11/01/2022)', '21-192796 (Validity: 11/01/2022)']"
SAMARTH MEDICAL AND GENERAL STORES - 9890081525,"PIMPARKHED-GALA NO. 3 & 4,,MAIN ROAD",RH - 3,"pankaj shankar metkar, DPH, [109952-14/06/2013]","['License: ', '20-50480 (Validity: 11/04/2017)', '20C-50482 (Validity: 11/04/2017)', '21-50481 (Validity: 11/04/2017)']"
SANDIP SALES CORPORATION - 9822769693,"CHALISGAON-HOUSE NO6483, NEAR KACHERI,STATION ROAD",WH - 3,"aarti eknath patil, OTH, [C-P-06/04/2013]","['License: ', '20B-164060 (Validity: 07/09/2021)', '20D-164061 (Validity: 07/09/2021)', '21B-164062 (Validity: 07/09/2021)']"
SANJIVANI MEDICAL & GENERAL STORES,"CHALISGAON-BLOCK NO U-12, NAGARPALIKA SANKUL,STATION ROAD",R - 2,"dharmendra arjun chavan, DPH, [18377-05/10/2002]","['License: ', '20-20/51 (Validity: 04/10/2017)', '21-21/51 (Validity: 04/10/2017)']"
SARVADNYA MEDICAL AND GENERAL STORES - 9011994746,"AT POST. TALEGAON-GRAMPANCHYAT GALA NO.3,NEAR GRAMPANCHYAT,,BUS STAND ROAD,",RH - 3,"pruthviraj ravindra pawar, DPH, [102765-04/05/2016]","['License: ', '20-155338 (Validity: 30/06/2021)', '20C-155340 (Validity: 30/06/2021)', '21-155339 (Validity: 30/06/2021)']"
SAYLI MEDICAL & GENERAL STORES - 9970720154,"DAHIVAD-HOUSE NO 229, GALA NO 1,MAIN ROAD",RH - 3,"yogeshkumar devidas amritkar, DPH, [38249-27/09/2006]","['License: ', '20-166550 (Validity: 26/09/2021)', '20C-166551 (Validity: 26/09/2021)', '21-166552 (Validity: 26/09/2021)']"
SEVA MEDICAL AND GENERAL STORES - 9999999999,"CHALISGAON-SHOP NO. 3,,MUNICIPAL SHOPPING CENTER,",RH - 3,"vasudeo dnyandeo patil, DPH, [7888-24/08/1989]","['License: ', '20-20/50 (Validity: 31/12/2017)', '20C-20C/45 (Validity: 31/12/2017)', '21-21/50 (Validity: 31/12/2017)']"
SHAMA MEDICAL AND GENERAL STORES - 7588010200,"CHALISGAON-SHOP NO.1 , APPAR GROUND FLOOR, PLOT NO.292,SAB PLOT NO.26, BHADGAOBN ROAD,",RH - 3,"chetan rangnath patil, DPH, [187424-12/08/2016]","['License: ', '20-20/3097 (Validity: 21/10/2020)', '20C-20C/1362 (Validity: 21/10/2020)', '21-21/3097 (Validity: 21/10/2020)']"
SHEVANTA MEDICAL & GENERAL STORES - 9623778058,"CHALISGAON-GALA NO 5, G.F. TEJAS COMPLEX,STATION ROAD",R - 2,"mahendra laxman shirude, DPH, [70826-07/01/2005]","['License: ', '20-20/2175 (Validity: 06/01/2020)', '21-21/2175 (Validity: 06/01/2020)']"
SHIDDESH MEDICAL & GENERAL STORES - 7249368832,"CHALISGAON-SHOP NO.1, C.S.T.NO.325/1/2, PLOT NO.19,,HOUSE NO.9328, SANE GURUJI NAGAR,",RH - 3,"chandrakant murlidhar shinkar, DPH, [16602-08/11/2016]","['License: ', '20-157929 (Validity: 17/09/2020)', '20C-157930 (Validity: 17/09/2020)', '21-157931 (Validity: 17/09/2020)']"
SHIRISH MEDICAL & GENERAL STORES - 7757958021,"CHALISGAON-GALA NO.1, PLOT NO.274,,LAXMI NAGAR, NEAR JEEVAN SURBHI BLOOD BANK,",RH - 3,"jaydip rajmal rathod, DPH, [191916-24/11/2016]","['License: ', '20-127694 (Validity: 02/09/2020)', '20C-127696 (Validity: 02/09/2020)', '21-127695 (Validity: 02/09/2020)']"
SHIRODE BROTHERS - 9881836218,"SAYGAON-Anukramank 47, Ghar No.56,Old Bus Stand, Saygaon, Tal. Chalisgaon, Dist. Jalgaon",S - 2, ,"['License: ', '20A-20A/152 (Validity: 14/05/2020)', '21A-21A/87 (Validity: 14/05/2020)']"
SHIV MEDICAL AND GENERAL STORES - 7507814707,"CHINCHGAVAN-GHAR NO.232, OPP.GRAMPANCHYAT OFFICE,,CHINCHGAVAN, TAL. CHALISGAON",RH - 3,"nandan shravan mahajan, DPH, [107024-21/09/2015]","['License: ', '20-129319 (Validity: 22/09/2020)', '20C-129321 (Validity: 22/09/2020)', '21-129320 (Validity: 22/09/2020)']"
SHIVKRUPA MEDICALS AND GENERAL STORES - 7588007024,"AT.PO. DEOLI TAL. CHALISGAON-GALA NO.2 OPP GANESH TEMPLE,NEAR CHIRONDI",RH - 3,"yogesh raghunath patil, DPH, [89341-04/08/2010]","['License: ', '20-20/3055 (Validity: 04/11/2020)', '20C-50082 (Validity: 04/11/2020)', '21-21/3055 (Validity: 04/11/2020)']"
SHREE AGENCIES - 9822775777,"CHALISGAON-BASEMENT, SHOP NO 20B, PLOT NO. 286/2, HOUSE NO. 12866,,GANESH COMPLEX, GANESH ROAD",WH - 3,"nishant yadav ahire, DPH, [C-P-11/02/2005]","['License: ', '20B-20B/1256 (Validity: 10/02/2020)', '20D-84791 (Validity: 09/10/2018)', '21B-21B/1113 (Validity: 10/02/2020)']"
SHREE DATTA KRUPA MEDICAL AND GENERAL STORES - 7588646622,"Takli PC-Galal No.3, Near Kharjai Naka,,Bhadgaon Road, Takli PC, Tal. Chalisgaon, Dist. Jalgaon",RH - 3,"shailendra gulabrao sonawane, DPH, [136862-30/12/2014]","['License: ', '20-110568 (Validity: 02/01/2020)', '20C-110570 (Validity: 02/01/2020)', '21-110569 (Validity: 02/01/2020)']"
SHREE DWARKA MEDICAL STORES - 8956365777,"CHALISGAON-297/2, Y.P.PATIL HOSPITAL, KARGAON ROAD,CHALISGAON",RH - 3,"satish madhukar patil, DPH, [64513-15/06/2015]","['License: ', '20-75486 (Validity: 19/06/2020)', '20C-75488 (Validity: 19/06/2020)', '21-75487 (Validity: 19/06/2020)']"
SHREE GAJANAN MEDICAL & GENERAL STORES - 9881001476,"TAKALI PR.DE.-GALA NO. 3,,SHREE GAJANAN VYAPAR SANKUL,",RH - 3,"adeshkumar prakashchand jain, DPH, [78161-17/07/2007]","['License: ', '20-20/2583 (Validity: 06/03/2018)', '20C-20C/1054 (Validity: 06/03/2018)', '21-21/2583 (Validity: 06/03/2018)']"
SHREE GANESH MEDICAL AND GENERAL STORES - 9270049129,"VADALA VADALI-HOUSE NO.421/2,,VADALA VADALI",RH - 3,"rajendra narayan shirode, [30396-26/11/2012]","['License: ', '20-65165 (Validity: 10/12/2017)', '20C-65167 (Validity: 10/12/2017)', '21-65166 (Validity: 10/12/2017)']"
SHREE GIRNA MEDICAL & GENERAL STORES - 9730412036,"CHALISGAON-MUNICIPAL HOUSE NO. 9509, C.S.NO. 25/6, FINAL PLOT NO.6,,ROOM NO. 1, APPOSITE OF MUNDADA HOSPITAL, DUDH SAGAR MARG,",RH - 3,"deepak bhagwan mahajan, DPH, [115221-10/03/2011]","['License: ', '20-28574 (Validity: 18/07/2018)', '20C-78165 (Validity: 18/07/2018)', '21-28575 (Validity: 18/07/2018)']"
SHREE GURUKRUPA MEDICAL AND GENERAL STORES - 9766751451,"CHALISGAON-Shop No.11, Basanti Complex, Near Hans Talkis,,Station Road, Chalisgaon, Tal. Chalisgaon, Dist. Jalgaon",RH - 3,"ganesh kantilal argawal, DPH, [156819-09/04/2015]","['License: ', '20-118627 (Validity: 26/04/2020)', '20C-118629 (Validity: 26/04/2020)', '21-118628 (Validity: 26/04/2020)']"
SHREE JOGESHWARI MEDICAL & GENERAL STORES - 9595050506,"VAGHLI-SHOP NO G-3, GR.FLOOR,CS NO 1231/2 GAT NO 13 PAIKI PLOT NO 2,NEAR BUS STAND,VAGHLI DOODH FEDERATION SOCIETY COMPLEX,",RH - 3,"priyanka pundalik patil, DPH, [81867-18/10/2013]","['License: ', '20-20/2562 (Validity: 17/10/2018)', '20C-20C/1043 (Validity: 17/10/2018)', '21-21/2562 (Validity: 17/10/2018)']"
SHREE KRUSHNA MEDICAL & GENERAL STORES - 9422563114,"LONDHE-ROOM NO. 1, HOUSE NO 516,,NEAR WATER TANK,",RH - 3,"manoj sahebrao bagul, DPH, [91976-11/09/2008]","['License: ', '20-20/2769 (Validity: 10/09/2018)', '20C-84789 (Validity: 03/10/2018)', '21-21/2769 (Validity: 10/09/2018)']"
SHREE KRUSHNA MEDICAL & GENERAL STORES - 9881626497,"KHEDGAON-HOUSE NO 272,MAIN ROAD",R - 2,"chetan gulabrao patil, DPH, [59603-03/02/2010]","['License: ', '20-20/2980 (Validity: 02/02/2020)', '21-21/2980 (Validity: 02/02/2020)']"
SHREE MAULI MEDICAL AND GENERAL STORES - 9604979491,"CHALISGAON-C.S.T.NO.4427/4428, NARAYAN WADI.,NEAR SHRIKANT TRACTOR AGENCIES,",RH - 3,"chandani prakashchand jain, BPH, [135099-20/02/2016]","['License: ', '20-143177 (Validity: 08/03/2021)', '20C-143179 (Validity: 08/03/2021)', '21-143178 (Validity: 08/03/2021)']"
SHREE MEDICAL AND GENERAL STORES - 9763461122,"A.P.MEHUNBARE-MILKAT NO.1019, C.S.NO.897, SOUTH SIDE GR.FLOOR SHOP NO.1,,BESIDE MATOSHRI CLINIC, NR. MARUTI MANDIR, KOLI WADA,",RH - 3,"gitanjalee ramesh duse, DPH, [191880-20/10/2016]","['License: ', '20-173008 (Validity: 14/11/2021)', '20C-173010 (Validity: 14/11/2021)', '21-173009 (Validity: 14/11/2021)']"
SHREE MEDICAL AND GENERAL STORES - 9423487407,"CHALISGAON-SHOP NO. 1, FINAL PLOT NO. 26, SUB PLOT 19,DAIRY AREA, STATION ROAD",RHX - 4,"samadhan ashok chaudhari, DPH, [146068-12/02/2015]","['License: ', '20-20/2182 (Validity: 22/02/2020)', '20C-114149 (Validity: 22/02/2020)', '20F-114150 (Validity: 22/02/2020)', '21-21/2182 (Validity: 22/02/2020)']"
SHREE OM MEDICAL GENERAL STORES - 9881260260,"CHALISGAON-SHOP.O-77, & O-78, PLOT NO.48,OPPOSITE OF NAGARPALICA , HIRAPUR ROAD,",R - 2,"sanjay dadasaheb patil, DPH, [44289-21/10/2010]","['License: ', '20-20/3098 (Validity: 24/09/2019)', '21-21/3098 (Validity: 24/09/2019)']"
SHREE RACHANA MEDICAL AND GENERAL STORES - 9881260223,"CHALISGAON.-GALA NO. 9, MUNCIPAL NO. 3893,,ANIL DADA SHOPPING COMPLEX, GHAT ROAD, NAGAD ROAD,",RH - 3,"pranoti hemant pawar, DPH, [104251-11/03/2013]","['License: ', '20-70785 (Validity: 10/03/2018)', '20C-70787 (Validity: 10/03/2018)', '21-70786 (Validity: 10/03/2018)']"
SHREE SAI PHARMA - 9766951117,"TAL. CHALISGAON-GHAR NO. 283, DESHMUKHWADI,PO. SHIRASGAON",WH - 3,"sachin rajendra deshmukh, BSC, [C-P-07/11/2012]","['License: ', '20B-63162 (Validity: 18/12/2020)', '20D-63164 (Validity: 18/12/2020)', '21B-63163 (Validity: 18/12/2020)']"
SHREE SAIDATTA MEDICAL & GENERAL STORES - 9730596455,"MEHUNBARE-SHOP NO. 1, HOUSE NO 28,,CHHATRAPATI CHOWK",R - 2,"prabhakar bhikanrao, DPH, [5964-17/12/2013]","['License: ', '20-20/2901 (Validity: 28/07/2019)', '21-21/2901 (Validity: 28/07/2019)']"
Shree Saikrupa Medical and General Stores - 9730919906,"Tal- Chalisgaon-Shop No. 1, C.S.No. 471/2A1/471/2A2, Plot No. 5,,Shejwalkar Nagar, Bhadgaon Road",RH - 3,"mangesh prabhakar joshi, DPH, [44101-10/07/2002]","['License: ', '20-20/JALGAON/1784 (Validity: 27/02/2017)', '20C-53297 (Validity: 27/05/2017)', '21-21/JALGAON/1784 (Validity: 27/02/2017)']"
SHREE SAMARTH MEDICAL & GENERAL STORES - 9881430058,"chalisgaon-277/4, laxmi nagar,captain corner,",RHX - 4,"yogesh balwantrao salunkhe, DPH, [174059-01/08/2016]","['License: ', '20-57993 (Validity: 20/08/2017)', '20C-57995 (Validity: 20/08/2017)', '20F-130382 (Validity: 08/10/2020)', '21-57994 (Validity: 20/08/2017)']"
SHREE SAMARTH MEDICAL AND GENERAL STORES - 9822747589,"CHALISGAON-C.S.NO. 2300, KHEDKAR HOSPITAL AWAR, OPPOSITE OF URDU,HIGHSCOOL, GHAT ROAD",RHX - 4,"shailendrasing rajaram datre, DPH, [46348-02/02/2015]","['License: ', '20-113050 (Validity: 04/02/2020)', '20C-113052 (Validity: 04/02/2020)', '20F-113053 (Validity: 04/02/2020)', '21-113051 (Validity: 04/02/2020)']"
SHREE SIDHHIVINAYAK MEDICAL & GENERAL STORES - 9028814999,"CHALISGAON-FINAL PLOT NO. 26,-NO.3,,DUDH SAGAR MARG,",RH - 3,"vasantrao dayaram chavan, DPH, [24681-25/07/2012]","['License: ', '20-20/3033 (Validity: 06/11/2017)', '20C-63245 (Validity: 06/11/2017)', '21-21/3033 (Validity: 06/11/2017)']"
SHREE SWAMI SAMARTHA MEDICAL & GENERAL STORES - 9890827151,"CHALISGAON-HOUSE NO 20A, SANEGURUJI NAGAR,HIRAPUR ROAD",R - 2,"sanjay shankar mahalpure, DPH, [21626-09/11/1998]","['License: ', '20-180631 (Validity: 31/12/2021)', '21-180632 (Validity: 31/12/2021)']"
SHREE VASUDEO TRADERS - 9890115126,"CHALISGAON-ROOM NO. 02, C.S.NO. 2090,,GHAT ROAD,",W - 2,"vasudeo shaligram agrawal, BCO, [C-P-30/06/2003]","['License: ', '20B-20B/299 (Validity: 29/06/2018)', '21B-21B/284 (Validity: 29/06/2018)']"
SHREE VIJAY DISTRIBUTORS - 9768168810,"CHALISGAON-FINAL PLOT NO 25/SUB PLOT NO. 5A, GROUND FLOOR,,BEHIND HOTEL MANORAMA, STATION ROAD,",RWH - 5,"poonam prakashchand achliya, DPH, [45654-01/10/2007]","['License: ', '20-20/2595 (Validity: 30/09/2017)', '20B-20B/1438 (Validity: 30/09/2017)', '20D-20D/169 (Validity: 30/09/2017)', '21-21/2595 (Validity: 30/09/2017)', '21B-21B/1291 (Validity: 30/09/2017)']"
SHREE VIMALNATHJI WHOLSALE & RETAIL MEDICAL &GENERAL STORE S - 9763209058,"chalisgaon-plot no. 236, shop no.01,lakshmi nagar",RWH - 6,"rajashree subhash bora, DPH, [85774-03/01/2014]","['License: ', '20-91148 (Validity: 14/02/2019)', '20B-91150 (Validity: 14/02/2019)', '20C-91152 (Validity: 14/02/2019)', '20D-91153 (Validity: 14/02/2019)', '21-91149 (Validity: 14/02/2019)', '21B-91151 (Validity: 14/02/2019)']"
SHREEKRISHNA MEDICAL & GENERAL STORES - 9545659676,"PIMPALWADI (MHALSA)-GHAR NO. 914 ,,MAIN ROAD",RH - 3,"sagar dharmaraj patil, DPH, [170083-27/08/2015]","['License: ', '20-127697 (Validity: 02/09/2020)', '20C-127699 (Validity: 02/09/2020)', '21-127698 (Validity: 02/09/2020)']"
SHREEKRUPA MEDICAL & GENERAL STORES - 9999999999,"CHALISGAON-PLOT NO 265/2, LAXMINAGAR,MAIN ROAD",R - 2,"pandurang manik patil, DPH, [62968-01/04/2003]","['License: ', '20-20/1484 (Validity: 31/03/2018)', '21-21/1484 (Validity: 31/03/2018)']"
SHREYAS MEDICAL AND GENERAL STORES - 9860163126,"CHALISGAON-F.PLOT NO 3,PLOT NO 13,HIRAPUR ROAD",RHX - 4,"ganesh vinayak kothawade, DPH, [78612-21/05/2005]","['License: ', '20-20/2224 (Validity: 20/05/2020)', '20C-20C/770 (Validity: 20/05/2020)', '20F-95212 (Validity: 21/04/2019)', '21-21/2224 (Validity: 20/05/2020)']"
SHRI MAHAVIR MEDICAL & GENERAL STORES - 9075413046,"CAHLAISGAON-SHOP NO.1 , FAINAL PLOT NO.20, SUB PLOT NO.3,,DUDH SAGAR MARG,",R - 2,"nitin harakchand jain, DPH, [19372-18/04/2011]","['License: ', '20-29598 (Validity: 03/05/2021)', '21-29599 (Validity: 03/05/2021)']"
SHRI SADGURU MEDICAL AND GENERAL STORES - 9326776869,"CHALISGAON-SERVE NO. 258/2B2,JAHANGIRDAR WADI",RH - 3,"shrikant dattatraya joshi, DPH, [8019-18/10/2014]","['License: ', '20-106086 (Validity: 31/10/2019)', '20C-106088 (Validity: 31/10/2019)', '21-106087 (Validity: 31/10/2019)']"
SHRI SAI SAMARTH MEDICAL - 9665591154,"CHALISGAON-1962,DHULE ROAD ,MEHUNBARE",RH - 3,"sunil shivaji, DPH, [103911-10/12/2013]","['License: ', '20-89102 (Validity: 16/01/2019)', '20C-89104 (Validity: 16/01/2019)', '21-89103 (Validity: 16/01/2019)']"
SHRI SAMARTH MEDICAL AND GENERAL STORES - 9960748174,"KALMADU-SHOP NO.1, GRAMPANCHAYAT HOUSE NO. 165,,NEAR VITTHAL MANDIR,",RH - 3,"sagar pandurang patil, DPH, [109705-19/08/2014]","['License: ', '20-41205 (Validity: 18/11/2016)', '20C-41207 (Validity: 18/11/2016)', '21-41206 (Validity: 18/11/2016)']"
SHRINATH MEDICAL & GENERAL STORES - 7588010200,"CHALISGAON-H. NO 5079, PLOT NO. 334, NEAR SHRIKRUSHNA,CINEMA,STATION ROAD",RWH - 6,"vivek dattatray joshi, DPH, [18580-10/06/1999]","['License: ', '20-20/598 (Validity: 31/12/2017)', '20B-100804 (Validity: 26/07/2019)', '20C-20C/495 (Validity: 31/12/2017)', '20D-100806 (Validity: 26/07/2019)', '21-21/598 (Validity: 31/12/2017)', '21B-100805 (Validity: 26/07/2019)']"
SIDDHI ENTERPRISES - 8623946713,"CHALISGAON-4, CSN. 473/1E/3+3, ANAND SOCIETY,SHASTRI NAGAR, CHALISGAON",W - 2,"vinaykumar shriram zawar, DPH, [C-P-14/08/2015]","['License: ', '20B-127703 (Validity: 02/09/2020)', '21B-127704 (Validity: 02/09/2020)']"
SIDDHI MEDICAL & GENERAL STORES - 9096861363,"WAGHALI-GHAR NO.1327, NEAR MSEB OFFICE, AT POST WAGHALI,TAL. CHALISGAON, DIST. JALGAON",RH - 3,"tushar rajendra patil, DPH, [140691-01/06/2015]","['License: ', '20-122353 (Validity: 16/10/2020)', '20C-122355 (Validity: 16/10/2020)', '21-122354 (Validity: 16/10/2020)']"
SIDHHI MEDICAL & GENERAL STORES - 9850952121,"AT. KHADKI BK., POST. TAMBOLE-HOUSE NO 1082/2,MAIN ROAD",R - 2,"sanjay appa bramhankar, DPH, [35272-06/12/2000]","['License: ', '20-181671 (Validity: 31/12/2021)', '21-181672 (Validity: 31/12/2021)']"
SIDHHIKRUPA MEDICAL & GENERAL STORES,"CHALISGAON-PLOT NO 282/6 OPP. OF BUS STAND,MAIN ROAD",R - 2,"premsing baliram pawar, DPH, [61680-30/07/2002]","['License: ', '20-20/1798 (Validity: 29/07/2017)', '21-21/1798 (Validity: 29/07/2017)']"
STRI CHAITANYA MEDICAL & GENERAL STORES. - 9423770800,"CHALISGAON-ROOM NO 1 FINAL PLOT NO 40 SUB PLOT NO 9,10 GROUND FLOOR,,STRI CHAITANYA NARSING HOME , HIRAPUR ROAD",R - 2,"bhagyashri rajendra janrao, DPH, [161970-15/12/2014]","['License: ', '20-20/2553 (Validity: 20/04/2017)', '21-21/2553 (Validity: 20/04/2017)']"
SUCHITA LABORATORIES PVT. LTD. - 9890823151,"CHALISGAON-24&25 CO-OPERATIVE INDUSTRIAL ISTATE,MAIN ROAD",W - 2,"suryakant shivram gujar, [C-P-31/05/2004]","['License: ', '20B-20B/1254 (Validity: 30/05/2019)', '21B-21B/1111 (Validity: 30/05/2019)']"
SULAIMATA MEDICAL & GENERAL STORES,"KARGAON-SHOP NO7 GRAMPANCHAYAT SANKUL,MAIN ROAD",R - 2,"jagdish prakashrao deshmukh, DPH, [53610-14/08/2012]","['License: ', '20-20/2630 (Validity: 28/10/2017)', '21-21/2630 (Validity: 28/10/2017)']"
SUMIT MEDICAL & GENERAL STORES,"CHALISGAON-HOUSE NO 537/1/1, PLOT NO 6,PILKHOD",R - 2,"vilasrao balvantrao patil, DPH, [62452-05/10/2002]","['License: ', '20-20/1825 (Validity: 04/10/2017)', '21-21/1825 (Validity: 04/10/2017)']"
SUNEMI MEDICAL AND GENERAL STORES - 9823523105,"CHALISGAON-C.S.T. NO 2092, BHAGWAN MAHAVIR MARG,MAIN ROAD",RH - 3,"vinod sakarchand jain, DPH, [24539-25/06/1990]","['License: ', '20-20/439 (Validity: 31/12/2018)', '20C-20C/263 (Validity: 31/12/2018)', '21-21/439 (Validity: 31/12/2018)']"
SUNIL AGENCIES - 9403261176,"CHALISGAON-SERVE NO. 235/1A, PLOT NO. 13, SAMBHAJI NAGAR,PATANA DEVI ROAD",W - 2,"sunil bhaurao wagh, HSC, [C-P-16/02/2015]","['License: ', '20B-114155 (Validity: 20/02/2020)', '21B-114156 (Validity: 20/02/2020)']"
SUNIL MEDICAL AND GENERAL STORES - 9226767399,"PATONDA-HOUSE NO 717/1,MUNDKHEDA ROAD,",RH - 3,"sunil chhagan mali, DPH, [26275-23/05/1996]","['License: ', '20-182984 (Validity: 31/12/2021)', '20C-76011 (Validity: 29/05/2018)', '21-182985 (Validity: 31/12/2021)']"
SUNITI MEDICAL & GENERAL STORES - 9730327513,"TAKLI-SHOP NO 1, PLOT NO 17,MAIN ROAD",RH - 3,"sandip sharad arkadi, DPH, [19968-27/04/2004]","['License: ', '20-20/2051 (Validity: 26/04/2019)', '20C-97042 (Validity: 21/05/2019)', '21-21/2051 (Validity: 26/04/2019)']"
SUPER HANS MEDICAL AND LEADIES KIDS SHOPEE - 8806334428,"CHALISGAON-C/O DR. VINOD HANSRAJ MAKHIJANI, SHOP NO. 1, C.S.NO.5120,WARD NO. 5, JAHAGIRDAR WADI",R - 2,"hansraj mashrumal makhijani, DPH, [6457-16/08/2004]","['License: ', '20-20/2101 (Validity: 15/08/2019)', '21-21/2101 (Validity: 15/08/2019)']"
SUYOG MEDICAL & GENERAL STORES - 9850648121,"PILKHOD-HOUSE NO 219,NEAR GRAMPANCHAYAT OFFICE, MALEGAON ROAD",RH - 3,"sanjay nilkanthrao wagh, DPH, [24883-10/10/2000]","['License: ', '20-181667 (Validity: 31/12/2021)', '20C-76009 (Validity: 29/05/2018)', '21-181668 (Validity: 31/12/2021)']"
SUYOG MEDICAL & GENERAL STORES - 9999999999,"SAYGAON-HOUSE NO 669, NEAR BUS STAND,,MAIN RAOD",R - 2,"nandkishor ravindra patil, DPH, [58849-22/11/1999]","['License: ', '20-20/1427 (Validity: 31/12/2017)', '21-21/1427 (Validity: 31/12/2017)']"
SUYOG MEDICAL & GENERAL STORES - 9999999999,"VADALA-VADALI-GAT NO. 99/1, MALMATTA NO. 683, SHOP NO 2&3,,NEAR BUS STOP",R - 2,"sunil sakharam patil, DPH, [71550-05/05/2008]","['License: ', '20-20/2066 (Validity: 04/05/2018)', '21-21/2066 (Validity: 04/05/2018)']"
SUYOG MEDICAL AND GENERAL STORES - 9270594477,"A/P.CHALISGAON-Fynal Plot No.47, Sub Plot No.5,House No.5,,Near Neharu Statue (Signal Point),Station Road,",RH - 3,"rajendra madhav pate, DPH, [17607-01/04/2007]","['License: ', '20-177412 (Validity: 31/12/2021)', '20C-177413 (Validity: 31/12/2021)', '21-177414 (Validity: 31/12/2021)']"
SUYOG MEDICAL AND GENERAL STORES - 9619009667,"LONDHE-GRAMPANCHYAT MILKAT NO. 181,C.S.NO. 313",RHX - 4,"shital bhimrao patil, DPH, [156853-18/06/2014]","['License: ', '20-99867 (Validity: 10/07/2019)', '20C-99869 (Validity: 10/07/2019)', '20F-99870 (Validity: 10/07/2019)', '21-99868 (Validity: 10/07/2019)']"
SWAGAT MEDICAL AND GENERAL STORES - 9960312756,"CHALISGAON-GALA NO1 & 2, PLOT NO. 274/17, SURYA PARK,KARGAON ROAD",RWHX - 7,"ravindra madhukar shirude, DPH, [37354-17/06/1994]","['License: ', '20-187100 (Validity: 31/12/2021)', '20B-94930 (Validity: 16/04/2019)', '20C-187101 (Validity: 31/12/2021)', '20F-94932 (Validity: 16/04/2019)', '20G-94933 (Validity: 16/04/2019)', '21-187102 (Validity: 31/12/2021)', '21B-94931 (Validity: 16/04/2019)']"
SWAMI SAMARTHA MEDICAL & GENERAL STORES - 9766537150,"POHARE-HOUSE NO 36, OPP OF HANUMAN TEMPLE,MAIN ROAD",RH - 3,"pradeep adhar mahajan, DPH, [74746-25/07/2014]","['License: ', '20-20/2847 (Validity: 24/03/2019)', '20C-20C/1220 (Validity: 24/03/2019)', '21-21/2847 (Validity: 24/03/2019)']"
SWAMIRAJ MEDICAL AND GENERAL STORES - 9922707112,"CHALISGAON-SHOP NO.5,,GHAT ROAD- NAGAD ROAD SHOPPING COMPLEX,",RH - 3,"shirish vijayprakash deshmukh, DPH, [84399-06/04/2013]","['License: ', '20-73349 (Validity: 22/04/2018)', '20C-73351 (Validity: 22/04/2018)', '21-73350 (Validity: 22/04/2018)']"
SWAPNAPURTI MEDICAL AND GENERAL STORES - 9657112396,"TAKLI P.C.-MILKAT NO.440/2, GUT NO.4/1+2+3, PLOT NO.34, GR. FLOOR,,SHOP NO.4(FROM WEST SIDE), JAGAN APPA TOWER, BHADGAON RAOD,",RH - 3,"swapnil pundlik mahajan, DPH, [109482-05/10/2016]","['License: ', '20-167908 (Validity: 16/10/2021)', '20C-167910 (Validity: 16/10/2021)', '21-167909 (Validity: 16/10/2021)']"
SWAPNAPURTI MEDICAL AND GENERAL STORES - 9850080739,"POHORE-HOUSE NO.611, MAHADEO MANDIR ROAD,POHORE, TAL. CHALISGAON",RH - 3,"bhagyashri bajirao mahajan, DPH, [177674-01/08/2016]","['License: ', '20-138073 (Validity: 14/01/2021)', '20C-138075 (Validity: 14/01/2021)', '21-138074 (Validity: 14/01/2021)']"
SWAPNIL MEDICAL & GENERAL STORES - 9657909849,"BORKHEDA-HOUSE NO 10, NEAR MAHADEV TEMPLE,MAINROAD",R - 2,"govind laxmanrao bobade, DPH, [67728-04/02/2015]","['License: ', '20-20/2636 (Validity: 26/12/2017)', '21-21/2636 (Validity: 26/12/2017)']"
TEJAM PHARMACEUTICALS - 9860342924,"TAKLI PRACHA, TAL.CHALISGAON-MILKAT NO.1514. SAMRAT NAGAR,,BHADGAON ROAD,",W - 2,"ashok supadulal jain, DPH, [11704-28/01/2016]","['License: ', '20B-143183 (Validity: 08/03/2021)', '21B-143184 (Validity: 08/03/2021)']"
TEJAS MEDICAL & GENERAL STORES - 9665012598,"TAKLI (PRA.CHA.)-GALA NO 2 OMSHANTI APARTMENT,BHADGAON ROAD",R - 2,"kiran namdeo marathe, DPH, [48829-03/04/2000]","['License: ', '20-186901 (Validity: 31/12/2021)', '21-186902 (Validity: 31/12/2021)']"
UDAY MEDICAL & GENERAL STORES - 9890923066,"LONJE-HOUSE NO 630.SHOP NO.1,MAIN ROAD,",RH - 3,"prafulla chandrakant patil, DPH, [166329-15/07/2016]","['License: ', '20-157995 (Validity: 26/07/2021)', '20C-157996 (Validity: 26/07/2021)', '21-157997 (Validity: 26/07/2021)']"
VARADSHREE HOMEOPATHIC PHARMACY - 9422281225,"CHALISGAON-SHOP NO. 23, FIRST FLOOR,,SUVARNATAI COMPLEX,",H - 2,"dr. shamkant vasantrao bhamre, OTH, [C-P-28/01/2003]","['License: ', '20C-20C/720 (Validity: 22/01/2018)', '20D-20D/121 (Validity: 22/01/2018)']"
VARSHA MEDICALAND GENERAL STORES - 9860626885,"TAKLI-PLOT NO.3,BHADGAON ROAD, TAKLI, TAL. CHALISGAON",RH - 3,"varsha pradeep ahirrao, DPH, [172213-06/08/2015]","['License: ', '20-127691 (Validity: 02/09/2020)', '20C-127693 (Validity: 02/09/2020)', '21-127692 (Validity: 02/09/2020)']"
VICENZIO HEALTH CARE - 9850766974,"CHALISGAON-Gala No.469/3A, Ghar No.16046, 1st Floor, ""Saurabh"",,Behind Vaibhav Mangal Karyalay, Bhadgaon Road, Chalisgaon.",RWH - 6,"suyog madhukar amrutkar, DPH, [80393-20/02/2015]","['License: ', '20-114160 (Validity: 20/02/2020)', '20B-114162 (Validity: 20/02/2020)', '20C-114164 (Validity: 20/02/2020)', '20D-114165 (Validity: 20/02/2020)', '21-114161 (Validity: 20/02/2020)', '21B-114163 (Validity: 20/02/2020)']"
VIGHNAHARTA MEDICAL AND GENERAL STORES - 9049404018,"A/P. TARWADE-GAT NO.288/1, PLOT NO.28 ,GROUND FLOOR SHOP,BESIDE DHANWANTARI HOSPITAL,NEAR SAI MANDIR,MAIN ROAD,",RH - 3,"shital madhukar patil, DPH, [141455-31/08/2016]","['License: ', '20-164124 (Validity: 13/09/2021)', '20C-164126 (Validity: 13/09/2021)', '21-164125 (Validity: 13/09/2021)']"
VIJAY DISTRIBUTORS - 9403261176,"CHALISGAON-BLOCK NO 5&6 RONAK HOUSE NEAR POLICE STATION,MAIN ROAD",W - 2,"vijay gordhanbhai patel, BA, [C-P-27/08/2002]","['License: ', '20B-2B/1178 (Validity: 26/08/2017)', '21B-21B/1039 (Validity: 26/08/2017)']"
VIJAY MEDICAL AND GENERAL STORES - 9405441262,"DEVALI-HOUSE NO 371,MAIN ROAD",RH - 3,"prabhavati ajitprasad pagariya, DPH, [22703-02/02/1995]","['License: ', '20-20/860 (Validity: 31/12/2017)', '20C-100578 (Validity: 23/07/2019)', '21-21/860 (Validity: 31/12/2017)']"
VIRAM MEDICAL AND GENERAL STORES - 9503790101,"CHALISGAON-SERVE NO. 438/2, FINAL PLOT NO.262/2 IN PLOT NO. 14,,LAXMI NAGAR, MATOSHRI HOSPITAL AWAR,",RH - 3,"kalpesh eknath chaudhari, [125060-06/12/2012]","['License: ', '20-65437 (Validity: 11/07/2018)', '20C-65439 (Validity: 11/07/2018)', '21-65438 (Validity: 11/07/2018)']"
VIRAT MEDICAL AND GENERAL STORES - 9665121141,"AT.POST. TAKALI (PR.DE.)-OLD HOUSE NO. 138, NEW HOUSE NO. 564, C.S.NO. 121,NAVEGAON",RH - 3,"sandip yuvraj patil, DPH, [108807-20/05/2014]","['License: ', '20-97848 (Validity: 04/06/2019)', '20C-97850 (Validity: 04/06/2019)', '21-97849 (Validity: 04/06/2019)']"
Y MEDICAL AND GENERAL STORES - 8605995557,"CHALISGAON-S.NO.349/A2/354B/353B/355K/356B/358B/359B, PLOT NO. 218,GR.F,SHOP NO.1, OLD MALEGAON ROAD, OPP. DR. B.AMBEDKAR SCHOOL",RH - 3,"hitesh yashawant chaudhari, DPH, [175007-09/12/2015]","['License: ', '20-136462 (Validity: 21/08/2021)', '20C-136464 (Validity: 21/08/2021)', '21-136463 (Validity: 21/08/2021)']"
YASH MEDICAL STORES - 9860665376,"CHALISGAON-PLOT NO 18,CS NO 325/1/2,SANEGURUJI NAGAR,HIRAPUR ROAD",R - 2,"maheshkumar sudam yeole, DPH, [62343-31/08/1998]","['License: ', '20-186374 (Validity: 31/12/2021)', '21-186375 (Validity: 31/12/2021)']"
YASHODA MEDICAL & GENERAL STORES - 9999999999,"CHALISGAON-PLOT NO 206/2A, LAXMINAGAR,MAIN ROAD",RX - 2,"nitin sitaram chavan, DPH, [28364-25/03/2003]","['License: ', '20-20/934 (Validity: 24/03/2018)', '20G-21/934 (Validity: 24/03/2018)']"
YASHSHREE AGENCIES - 9075413046,"A/P.CHALISGAON,-PLOT NO.269, SUB PLOT NO.3 A PAIKI GROUND FLOOR SHOP,,OPP. PARDESHI HOSPITAL, LAXMI NAGAR,NEAR BUS STAND,",W - 2,"bhokre yogesh nilkanth, BSC, [C-P-12/08/2003]","['License: ', '20B-177309 (Validity: 04/12/2021)', '21B-177310 (Validity: 04/12/2021)']"
YASHWANT MEDICAL & GENERAL STORES - 8928118393,"CHALISGAON-C.S.T.NO 2937, HOUSE NO 4804,GHAT ROAD",RH - 3,"sunil ashokkumar gundiyal, DPH, [71180-14/06/2013]","['License: ', '20-200251 (Validity: 29/11/2019)', '20C-200252 (Validity: 29/11/2019)', '21-200253 (Validity: 29/11/2019)']"
YOGESHWAR MEDICAL AGENCIES - 9730045690,"CHALISGAON-GALA NO. 1,2,3, PLOT NO. 286/2/5, UNDER GROUND,,GANESH CROSS ROAD",WH - 3,"rajendra namdeo mahajan, HSC, [C-P-01/07/2008]","['License: ', '20B-20B/1467 (Validity: 30/06/2018)', '20D-20D/177 (Validity: 30/06/2018)', '21B-21B/1320 (Validity: 30/06/2018)']"
YOGESHWAR MEDICAL STORES - 9021951253,"CHALISGAON-PLOT NO 286/2/6, SHOP NO 4,GANESH CROSS ROAD",RH - 3,"chandrakant punju pakhale, DPH, [17259-01/07/2008]","['License: ', '20-20/2750 (Validity: 30/06/2018)', '20C-20C/1167 (Validity: 30/06/2018)', '21-21/2750 (Validity: 30/06/2018)']"
